date,PD,,
2-Jan-06,262,,
3-Jan-06,262,,
4-Jan-06,272,,
5-Jan-06,272,,
6-Jan-06,262,,
9-Jan-06,274,,
10-Jan-06,278,,
11-Jan-06,274,,
12-Jan-06,274,,
13-Jan-06,273,,
16-Jan-06,285,,
17-Jan-06,286,,
18-Jan-06,275,,
19-Jan-06,275,,
20-Jan-06,277,,
23-Jan-06,277,,
24-Jan-06,278,,
25-Jan-06,275,,
26-Jan-06,280,,
27-Jan-06,276,,
30-Jan-06,277,,
31-Jan-06,282,,
1-Feb-06,293,,
2-Feb-06,295,,
3-Feb-06,310,,
6-Feb-06,320,,
7-Feb-06,309,,
8-Feb-06,287,,
9-Feb-06,295,,
10-Feb-06,297,,
13-Feb-06,277,,
14-Feb-06,274,,
15-Feb-06,287,,
16-Feb-06,278,,
17-Feb-06,280,,
20-Feb-06,292,,
21-Feb-06,291,,
22-Feb-06,293,,
23-Feb-06,287,,
24-Feb-06,286,,
27-Feb-06,290,,
28-Feb-06,285,,
1-Mar-06,289,,
2-Mar-06,296,,
3-Mar-06,300,,
6-Mar-06,302,,
7-Mar-06,296,,
8-Mar-06,289,,
9-Mar-06,282,,
10-Mar-06,289,,
13-Mar-06,290,,
14-Mar-06,300,,
15-Mar-06,307,,
16-Mar-06,314,,
17-Mar-06,315,,
20-Mar-06,319,,
21-Mar-06,316,,
22-Mar-06,322,,
23-Mar-06,321,,
24-Mar-06,320,,
27-Mar-06,334,,
28-Mar-06,345,,
29-Mar-06,337,,
30-Mar-06,343,,
31-Mar-06,348,,
3-Apr-06,338,,
4-Apr-06,337,,
5-Apr-06,336,,
6-Apr-06,344,,
7-Apr-06,354,,
10-Apr-06,355,,
11-Apr-06,360,,
12-Apr-06,343,,
13-Apr-06,341,,
18-Apr-06,360,,
19-Apr-06,364,,
20-Apr-06,374,,
21-Apr-06,347,,
24-Apr-06,363,,
25-Apr-06,355,,
26-Apr-06,367,,
27-Apr-06,367,,
28-Apr-06,363,,
2-May-06,380,,
3-May-06,388,,
4-May-06,378,,
5-May-06,383,,
8-May-06,381,,
9-May-06,378,,
10-May-06,398,,
11-May-06,395,,
12-May-06,398,405,
15-May-06,397,,
16-May-06,366,,
17-May-06,382,,
18-May-06,376,,
19-May-06,373,,
22-May-06,345,,
23-May-06,343,,
24-May-06,365,,
25-May-06,350,,
26-May-06,354,,
29-May-06,350,,
30-May-06,355,,
31-May-06,358,,
1-Jun-06,345,,
2-Jun-06,342,,
5-Jun-06,358,,
6-Jun-06,359,,
7-Jun-06,346,,
8-Jun-06,333,,
9-Jun-06,313,,
12-Jun-06,316,,
13-Jun-06,307,,
14-Jun-06,275,,
15-Jun-06,292,,
16-Jun-06,305,,
19-Jun-06,303,,
20-Jun-06,296,,
21-Jun-06,308,,
22-Jun-06,320,,
23-Jun-06,305,,
26-Jun-06,309,,
27-Jun-06,320,,
28-Jun-06,313,,
29-Jun-06,307,,
30-Jun-06,320,,
3-Jul-06,326,,
4-Jul-06,327,,
5-Jul-06,330,,
6-Jul-06,326,,
7-Jul-06,329,,
10-Jul-06,323,,
11-Jul-06,323,,
12-Jul-06,330,,
13-Jul-06,328,,
14-Jul-06,331,,
17-Jul-06,333,,
18-Jul-06,319,,
19-Jul-06,311,,
20-Jul-06,316,,
21-Jul-06,310,,
24-Jul-06,309,,
25-Jul-06,315,,
26-Jul-06,315,,
27-Jul-06,318,,
28-Jul-06,318,,
31-Jul-06,317,,
1-Aug-06,316,,
2-Aug-06,322,,
3-Aug-06,327,,
4-Aug-06,324,,
7-Aug-06,328,,
8-Aug-06,324,,
9-Aug-06,320,,
10-Aug-06,327,,
11-Aug-06,322,,
14-Aug-06,320,,
15-Aug-06,319,,
16-Aug-06,324,,
17-Aug-06,338,,
18-Aug-06,333,,
21-Aug-06,338,,
22-Aug-06,346,,
23-Aug-06,340,,
24-Aug-06,347,,
25-Aug-06,345,,
28-Aug-06,345,,
29-Aug-06,342,,
30-Aug-06,340,,
31-Aug-06,342,,
1-Sep-06,346,,
4-Sep-06,347,,
5-Sep-06,347,,
6-Sep-06,351,,
7-Sep-06,353,,
8-Sep-06,345,,
11-Sep-06,321,,
12-Sep-06,322,,
13-Sep-06,310,,
14-Sep-06,317,,
15-Sep-06,314,,
18-Sep-06,313,,
19-Sep-06,316,,
20-Sep-06,308,,
21-Sep-06,308,,
22-Sep-06,313,,
25-Sep-06,319,,
26-Sep-06,319,,
27-Sep-06,320,,
28-Sep-06,323,,
29-Sep-06,323,,
2-Oct-06,322,,
3-Oct-06,314,,
4-Oct-06,298,,
5-Oct-06,299,,
6-Oct-06,301,,
9-Oct-06,304,,
10-Oct-06,308,,
11-Oct-06,301,,
12-Oct-06,308,,
13-Oct-06,309,,
16-Oct-06,320,,
17-Oct-06,326,,
18-Oct-06,320,,
19-Oct-06,331,,
20-Oct-06,334,,
23-Oct-06,326,,
24-Oct-06,318,,
25-Oct-06,322,,
26-Oct-06,324,,
27-Oct-06,324,,
30-Oct-06,325,,
31-Oct-06,325,,
1-Nov-06,324,,
2-Nov-06,326,,
3-Nov-06,325,,
6-Nov-06,340,,
7-Nov-06,332,,
8-Nov-06,334,,
9-Nov-06,328,,
10-Nov-06,338,,
13-Nov-06,333,,
14-Nov-06,324,,
15-Nov-06,321,,
16-Nov-06,322,,
17-Nov-06,321,,
20-Nov-06,322,,
21-Nov-06,327,,
22-Nov-06,328,,
23-Nov-06,327,,
24-Nov-06,326,,
27-Nov-06,329,,
28-Nov-06,328,,
29-Nov-06,328,,
30-Nov-06,323,,
1-Dec-06,330,,
4-Dec-06,330,,
5-Dec-06,329,,
6-Dec-06,331,,
7-Dec-06,326,,
8-Dec-06,329,,
11-Dec-06,329,,
12-Dec-06,332,,
13-Dec-06,330,,
14-Dec-06,328,,
15-Dec-06,329,,
18-Dec-06,326,,
19-Dec-06,325,,
20-Dec-06,328,,
21-Dec-06,327,,
22-Dec-06,327,,
27-Dec-06,328,,
28-Dec-06,328,,
29-Dec-06,327,,
2-Jan-07,334,,
3-Jan-07,336,,
4-Jan-07,337,,
5-Jan-07,340,,
8-Jan-07,335,,
9-Jan-07,336,,
10-Jan-07,334,,
11-Jan-07,331,,
12-Jan-07,331,,
15-Jan-07,335,,
16-Jan-07,332,,
17-Jan-07,333,,
18-Jan-07,342,,
19-Jan-07,341,,
22-Jan-07,343,,
23-Jan-07,347,,
24-Jan-07,350,,
25-Jan-07,350,,
26-Jan-07,351,,
29-Jan-07,350,,
30-Jan-07,343,,
31-Jan-07,340,,
1-Feb-07,341,,
2-Feb-07,343,,
5-Feb-07,336,,
6-Feb-07,342,,
7-Feb-07,345,,
8-Feb-07,344,,
9-Feb-07,343,,
12-Feb-07,340,,
13-Feb-07,339,,
14-Feb-07,343,,
15-Feb-07,343,,
16-Feb-07,343,,
19-Feb-07,343,,
20-Feb-07,342,,
21-Feb-07,340,,
22-Feb-07,346,,
23-Feb-07,348,,
26-Feb-07,359,,
27-Feb-07,356,,
28-Feb-07,348,,
1-Mar-07,352,,
2-Mar-07,351,,
5-Mar-07,340,,
6-Mar-07,345,,
7-Mar-07,348,,
8-Mar-07,349,,
9-Mar-07,353,,
12-Mar-07,353,,
13-Mar-07,352,,
14-Mar-07,348,,
15-Mar-07,349,,
16-Mar-07,352,,
19-Mar-07,352,,
20-Mar-07,352,,
21-Mar-07,352,,
22-Mar-07,353,,
23-Mar-07,355,,
26-Mar-07,355,,
27-Mar-07,357,,
28-Mar-07,356,,
29-Mar-07,356,,
30-Mar-07,356,,
2-Apr-07,355,,
3-Apr-07,354,,
4-Apr-07,353,,
5-Apr-07,355,,
10-Apr-07,360,,
11-Apr-07,363,,
12-Apr-07,369,,
13-Apr-07,371,,
16-Apr-07,381,,
17-Apr-07,376,,
18-Apr-07,378,,
19-Apr-07,377,382,
20-Apr-07,378,,
23-Apr-07,386,,
24-Apr-07,384,,
25-Apr-07,377,,
26-Apr-07,380,,
27-Apr-07,372,,
30-Apr-07,373,,
1-May-07,371,,
2-May-07,373,,
3-May-07,373,,
4-May-07,374,,
7-May-07,381,,
8-May-07,378,,
9-May-07,373,,
10-May-07,366,,
11-May-07,362,,
14-May-07,368,,
15-May-07,362,,
16-May-07,362,,
17-May-07,359,,
18-May-07,361,,
21-May-07,365,,
22-May-07,374,,
23-May-07,378,,
24-May-07,376,,
25-May-07,368,,
28-May-07,368,,
29-May-07,369,,
30-May-07,369,,
31-May-07,368,,
1-Jun-07,370,,
4-Jun-07,374,,
5-Jun-07,372,,
6-Jun-07,370,,
7-Jun-07,370,,
8-Jun-07,368,,
11-Jun-07,367,,
12-Jun-07,371,,
13-Jun-07,367,,
14-Jun-07,369,,
15-Jun-07,369,,
18-Jun-07,373,,
19-Jun-07,372,,
20-Jun-07,371,,
21-Jun-07,374,,
22-Jun-07,375,,
25-Jun-07,376,,
26-Jun-07,370,,
27-Jun-07,366,,
28-Jun-07,368,,
29-Jun-07,368,,
2-Jul-07,369,,
3-Jul-07,370,,
4-Jul-07,368,,
5-Jul-07,366,,
6-Jul-07,365,,
9-Jul-07,366,,
10-Jul-07,369,,
11-Jul-07,369,,
12-Jul-07,368,,
13-Jul-07,370,,
16-Jul-07,368,,
17-Jul-07,368,,
18-Jul-07,367,,
19-Jul-07,369,,
20-Jul-07,372,,
23-Jul-07,372,,
24-Jul-07,372,,
25-Jul-07,368,,
26-Jul-07,365,,
27-Jul-07,364,,
30-Jul-07,361,,
31-Jul-07,365,,
1-Aug-07,366,,
2-Aug-07,365,,
3-Aug-07,365,,
6-Aug-07,365,,
7-Aug-07,363,,
8-Aug-07,362,,
9-Aug-07,364,,
10-Aug-07,357,,
13-Aug-07,354,,
14-Aug-07,356,,
15-Aug-07,352,,
16-Aug-07,345,,
17-Aug-07,334,,
20-Aug-07,331,,
21-Aug-07,329,,
22-Aug-07,319,,
23-Aug-07,326,,
24-Aug-07,327,,
27-Aug-07,331,,
28-Aug-07,334,,
29-Aug-07,329,,
30-Aug-07,332,,
31-Aug-07,334,,
3-Sep-07,335,,
4-Sep-07,334,,
5-Sep-07,334,,
6-Sep-07,336,,
7-Sep-07,338,,
10-Sep-07,337,,
11-Sep-07,335,,
12-Sep-07,336,,
13-Sep-07,336,,
14-Sep-07,333,,
17-Sep-07,331,,
18-Sep-07,334,,
19-Sep-07,335,,
20-Sep-07,335,,
21-Sep-07,342,,
24-Sep-07,342,,
25-Sep-07,343,,
26-Sep-07,341,,
27-Sep-07,342,,
28-Sep-07,345,,
1-Oct-07,349,,
2-Oct-07,356,,
3-Oct-07,352,,
4-Oct-07,360,,
5-Oct-07,371,,
8-Oct-07,367,,
9-Oct-07,362,,
10-Oct-07,367,,
11-Oct-07,376,,
12-Oct-07,378,,
15-Oct-07,380,,
16-Oct-07,375,,
17-Oct-07,370,,
18-Oct-07,374,,
19-Oct-07,374,,
22-Oct-07,361,,
23-Oct-07,364,,
24-Oct-07,364,,
25-Oct-07,360,,
26-Oct-07,370,,
29-Oct-07,375,,
30-Oct-07,373,,
31-Oct-07,371,,
1-Nov-07,374,,
2-Nov-07,371,,
5-Nov-07,376,,
6-Nov-07,374,,
7-Nov-07,383,,
8-Nov-07,373,,
9-Nov-07,373,,
12-Nov-07,370,,
13-Nov-07,368,,
14-Nov-07,372,,
15-Nov-07,372,,
16-Nov-07,368,,
19-Nov-07,365,,
20-Nov-07,362,,
21-Nov-07,366,,
22-Nov-07,359,,
23-Nov-07,357,,
26-Nov-07,360,,
27-Nov-07,358,,
28-Nov-07,347,,
29-Nov-07,348,,
30-Nov-07,347,,
3-Dec-07,354,,
4-Dec-07,352,,
5-Dec-07,352,,
6-Dec-07,352,,
7-Dec-07,348,,
10-Dec-07,346,,
11-Dec-07,346,,
12-Dec-07,349,,
13-Dec-07,349,,
14-Dec-07,347,,
17-Dec-07,351,,
18-Dec-07,356,,
19-Dec-07,359,,
20-Dec-07,354,,
21-Dec-07,354,,
24-Dec-07,357,,
27-Dec-07,366,,
28-Dec-07,365,,
31-Dec-07,368,,
2-Jan-08,370,,
3-Jan-08,375,,
4-Jan-08,376,,
7-Jan-08,367,,
8-Jan-08,374,,
9-Jan-08,380,,
10-Jan-08,374,,
11-Jan-08,378,,
14-Jan-08,381,,
15-Jan-08,382,,
16-Jan-08,378,,
17-Jan-08,374,,
18-Jan-08,368,,
21-Jan-08,371,,
22-Jan-08,363,,
23-Jan-08,370,,
24-Jan-08,370,,
25-Jan-08,378,384,
28-Jan-08,383,,
29-Jan-08,387,,
30-Jan-08,390,,
31-Jan-08,389,,
1-Feb-08,393,,
4-Feb-08,419,,
5-Feb-08,424,,
6-Feb-08,419,,
7-Feb-08,426,,
8-Feb-08,430,,
11-Feb-08,442,,
12-Feb-08,450,,
13-Feb-08,428,,
14-Feb-08,446,,
15-Feb-08,442,,
18-Feb-08,455,,
19-Feb-08,481,,
20-Feb-08,486,,
21-Feb-08,505,,
22-Feb-08,510,,
25-Feb-08,516,,
26-Feb-08,515,,
27-Feb-08,558,,
28-Feb-08,542,,
29-Feb-08,588,,
3-Mar-08,582,,
4-Mar-08,585,,
5-Mar-08,553,525,525
6-Mar-08,555,,
7-Mar-08,518,,
10-Mar-08,500,,
11-Mar-08,473,,
12-Mar-08,486,,
13-Mar-08,511,,
14-Mar-08,507,,
17-Mar-08,508,,
18-Mar-08,470,,
19-Mar-08,475,,
20-Mar-08,453,,
25-Mar-08,445,,
26-Mar-08,458,,
27-Mar-08,458,,
28-Mar-08,448,,
31-Mar-08,446,,
1-Apr-08,435,,
2-Apr-08,439,,
3-Apr-08,448,,
4-Apr-08,440,,
7-Apr-08,448,,
8-Apr-08,458,,
9-Apr-08,455,,
10-Apr-08,460,,
11-Apr-08,462,,
14-Apr-08,464,,
15-Apr-08,463,,
16-Apr-08,456,,
17-Apr-08,465,,
18-Apr-08,462,,
21-Apr-08,457,,
22-Apr-08,454,,
23-Apr-08,457,,
24-Apr-08,448,,
25-Apr-08,438,,
28-Apr-08,445,,
29-Apr-08,435,,
30-Apr-08,426,,
1-May-08,425,,
2-May-08,405,,
5-May-08,420,,
6-May-08,425,,
7-May-08,428,,
8-May-08,427,,
9-May-08,440,,
12-May-08,443,,
13-May-08,443,,
14-May-08,437,,
15-May-08,435,,
16-May-08,437,,
19-May-08,454,,
20-May-08,452,,
21-May-08,451,,
22-May-08,449,,
23-May-08,455,,
26-May-08,457,,
27-May-08,454,,
28-May-08,445,,
29-May-08,435,433,
30-May-08,428,,
2-Jun-08,436,,
3-Jun-08,440,,
4-Jun-08,434,,
5-Jun-08,430,,
6-Jun-08,435,,
9-Jun-08,438,,
10-Jun-08,430,,
11-Jun-08,425,,
12-Jun-08,426,,
13-Jun-08,440,,
16-Jun-08,450,,
17-Jun-08,465,,
18-Jun-08,465,,
19-Jun-08,468,,
20-Jun-08,472,,
23-Jun-08,479,,
24-Jun-08,472,,
25-Jun-08,468,,
26-Jun-08,468,,
27-Jun-08,475,,
30-Jun-08,475,,
1-Jul-08,467,,
2-Jul-08,472,,
3-Jul-08,471,,
4-Jul-08,462,,
7-Jul-08,455,,
8-Jul-08,451,,
9-Jul-08,444,,
10-Jul-08,448,,
11-Jul-08,455,,
14-Jul-08,458,,
15-Jul-08,450,,
16-Jul-08,445,,
17-Jul-08,436,,
18-Jul-08,424,,
21-Jul-08,421,,
22-Jul-08,424,,
23-Jul-08,396,,
24-Jul-08,390,,
25-Jul-08,394,,
28-Jul-08,390,,
29-Jul-08,393,,
30-Jul-08,385,,
31-Jul-08,380,,
1-Aug-08,380,,
4-Aug-08,372,,
5-Aug-08,355,,
6-Aug-08,355,372,
7-Aug-08,355,,
8-Aug-08,348,,
11-Aug-08,335,,
12-Aug-08,310,,
13-Aug-08,318,,
14-Aug-08,328,,
15-Aug-08,291,,
18-Aug-08,299,,
19-Aug-08,273,,
20-Aug-08,290,,
21-Aug-08,290,,
22-Aug-08,298,,
25-Aug-08,293,,
26-Aug-08,294,,
27-Aug-08,295,,
28-Aug-08,294,,
29-Aug-08,297,,
1-Sep-08,307,,
2-Sep-08,292,,
3-Sep-08,294,,
4-Sep-08,286,,
5-Sep-08,284,,
8-Sep-08,278,,
9-Sep-08,264,,
10-Sep-08,226,,
11-Sep-08,226,,
12-Sep-08,245,,
15-Sep-08,249,,
16-Sep-08,232,,
17-Sep-08,228,,
18-Sep-08,242,,
19-Sep-08,240,,
22-Sep-08,245,,
23-Sep-08,255,,
24-Sep-08,253,,
25-Sep-08,252,,
26-Sep-08,242,,
29-Sep-08,226,,
30-Sep-08,210,,
1-Oct-08,206,,
2-Oct-08,209,,
3-Oct-08,205,,
6-Oct-08,204,,
7-Oct-08,204,,
8-Oct-08,204,,
9-Oct-08,201,,
10-Oct-08,205,,
13-Oct-08,196,,
14-Oct-08,208,,
15-Oct-08,202,,
16-Oct-08,193,,
17-Oct-08,183,,
20-Oct-08,187,,
21-Oct-08,185,,
22-Oct-08,182,,
23-Oct-08,175,,
24-Oct-08,173,,
27-Oct-08,170,,
28-Oct-08,175,,
29-Oct-08,184,,
30-Oct-08,209,,
31-Oct-08,200,,
3-Nov-08,200,,
4-Nov-08,203,,
5-Nov-08,210,220,
6-Nov-08,217,,
7-Nov-08,226,,
10-Nov-08,230,,
11-Nov-08,225,,
12-Nov-08,222,,
13-Nov-08,210,,
14-Nov-08,220,,
17-Nov-08,223,,
18-Nov-08,218,,
19-Nov-08,219,,
20-Nov-08,195,,
21-Nov-08,182,,
24-Nov-08,184,,
25-Nov-08,197,,
26-Nov-08,202,,
27-Nov-08,194,,
28-Nov-08,190,,
1-Dec-08,187,,
2-Dec-08,177,,
3-Dec-08,176,,
4-Dec-08,175,,
5-Dec-08,172,,
8-Dec-08,172,,
9-Dec-08,176,,
10-Dec-08,178,,
11-Dec-08,183,,
12-Dec-08,177,,
15-Dec-08,178,,
16-Dec-08,178,,
17-Dec-08,178,,
18-Dec-08,178,,
19-Dec-08,178,,
22-Dec-08,176,,
23-Dec-08,176,,
24-Dec-08,176,,
29-Dec-08,182,,
30-Dec-08,186,,
31-Dec-08,186,,
2-Jan-09,190,,
5-Jan-09,193,,
6-Jan-09,186,,
7-Jan-09,201,,
8-Jan-09,198,,
9-Jan-09,197,,
12-Jan-09,196,,
13-Jan-09,185,,
14-Jan-09,186,,
15-Jan-09,181,,
16-Jan-09,183,,
19-Jan-09,185,,
20-Jan-09,183,,
21-Jan-09,186,,
22-Jan-09,185,,
23-Jan-09,184,,
26-Jan-09,195,,
27-Jan-09,193,,
28-Jan-09,193,,
29-Jan-09,190,,
30-Jan-09,193,,
2-Feb-09,197,,
3-Feb-09,196,,
4-Feb-09,193,,
5-Feb-09,197,,
6-Feb-09,202,,
9-Feb-09,214,,
10-Feb-09,208,,
11-Feb-09,214,,
12-Feb-09,217,,
13-Feb-09,216,,
16-Feb-09,217,,
17-Feb-09,220,,
18-Feb-09,219,,
19-Feb-09,219,,
20-Feb-09,217,,
23-Feb-09,216,,
24-Feb-09,205,,
25-Feb-09,202,,
26-Feb-09,198,,
27-Feb-09,196,,
2-Mar-09,200,,
3-Mar-09,194,,
4-Mar-09,194,,
5-Mar-09,200,,
6-Mar-09,200,,
9-Mar-09,203,,
10-Mar-09,198,,
11-Mar-09,198,,
12-Mar-09,198,,
13-Mar-09,198,,
16-Mar-09,198,,
17-Mar-09,200,,
18-Mar-09,197,,
19-Mar-09,200,,
20-Mar-09,207,,
23-Mar-09,208,,
24-Mar-09,214,,
25-Mar-09,208,,
26-Mar-09,217,,
27-Mar-09,223,,
30-Mar-09,217,,
31-Mar-09,215,,
1-Apr-09,218,,
2-Apr-09,221,,
3-Apr-09,222,,
6-Apr-09,222,,
7-Apr-09,224,,
8-Apr-09,226,,
9-Apr-09,234,,
14-Apr-09,240,,
15-Apr-09,236,,
16-Apr-09,239,,
17-Apr-09,235,,
20-Apr-09,234,,
21-Apr-09,224,,
22-Apr-09,225,,
23-Apr-09,232,,
24-Apr-09,235,,
27-Apr-09,232,,
28-Apr-09,225,,
29-Apr-09,217,,
30-Apr-09,224,,
1-May-09,220,,
4-May-09,217,,
5-May-09,222,,
6-May-09,223,,
7-May-09,234,,
8-May-09,241,,
11-May-09,244,,
12-May-09,237,,
13-May-09,236,,
14-May-09,223,,
15-May-09,226,,
18-May-09,226,,
19-May-09,232,,
20-May-09,234,,
21-May-09,237,,
22-May-09,233,,
25-May-09,235,,
26-May-09,235,,
27-May-09,231,,
28-May-09,223,,
29-May-09,235,,
1-Jun-09,239,,
2-Jun-09,239,,
3-Jun-09,251,,
4-Jun-09,242,,
5-Jun-09,255,,
8-Jun-09,258,,
9-Jun-09,251,,
10-Jun-09,259,,
11-Jun-09,258,,
12-Jun-09,261,,
15-Jun-09,250,,
16-Jun-09,248,,
17-Jun-09,245,,
18-Jun-09,243,,
19-Jun-09,243,,
22-Jun-09,246,,
23-Jun-09,234,,
24-Jun-09,237,,
25-Jun-09,240,,
26-Jun-09,248,,
29-Jun-09,248,,
30-Jun-09,253,,
1-Jul-09,251,,
2-Jul-09,254,,
3-Jul-09,252,,
6-Jul-09,246,,
7-Jul-09,243,,
8-Jul-09,239,,
9-Jul-09,238,,
10-Jul-09,237,,
13-Jul-09,235,,
14-Jul-09,237,,
15-Jul-09,244,,
16-Jul-09,247,,
17-Jul-09,247,,
20-Jul-09,250,,
21-Jul-09,255,,
22-Jul-09,256,,
23-Jul-09,259,,
24-Jul-09,258,,
27-Jul-09,260,,
28-Jul-09,263,,
29-Jul-09,260,,
30-Jul-09,257,,
31-Jul-09,260,,
3-Aug-09,265,,
4-Aug-09,274,,
5-Aug-09,279,,
6-Aug-09,277,,
7-Aug-09,270,,
10-Aug-09,276,,
11-Aug-09,277,,
12-Aug-09,275,,
13-Aug-09,274,,
14-Aug-09,278,,
17-Aug-09,275,,
18-Aug-09,272,,
19-Aug-09,271,,
20-Aug-09,275,,
21-Aug-09,272,,
24-Aug-09,285,,
25-Aug-09,284,,
26-Aug-09,288,,
27-Aug-09,285,,
28-Aug-09,288,,
31-Aug-09,291,,
1-Sep-09,293,,
2-Sep-09,288,,
3-Sep-09,289,,
4-Sep-09,294,,
7-Sep-09,293,,
8-Sep-09,295,,
9-Sep-09,297,,
10-Sep-09,295,,
11-Sep-09,293,,
14-Sep-09,293,,
15-Sep-09,293,,
16-Sep-09,298,,
17-Sep-09,300,,
18-Sep-09,302,,
21-Sep-09,302,,
22-Sep-09,300,,
23-Sep-09,303,,
24-Sep-09,298,,
25-Sep-09,293,,
28-Sep-09,292,,
29-Sep-09,291,,
30-Sep-09,290,,
1-Oct-09,297,,
2-Oct-09,291,,
5-Oct-09,298,,
6-Oct-09,303,,
7-Oct-09,313,,
8-Oct-09,318,,
9-Oct-09,319,,
12-Oct-09,323,,
13-Oct-09,333,,
14-Oct-09,333,,
15-Oct-09,330,,
16-Oct-09,327,,
19-Oct-09,329,,
20-Oct-09,337,,
21-Oct-09,337,,
22-Oct-09,340,,
23-Oct-09,339,,
26-Oct-09,338,,
27-Oct-09,333,,
28-Oct-09,330,,
29-Oct-09,319,,
30-Oct-09,333,,
2-Nov-09,324,,
3-Nov-09,328,,
4-Nov-09,328,,
5-Nov-09,329,,
6-Nov-09,333,,
9-Nov-09,333,,
10-Nov-09,333,,
11-Nov-09,338,,
12-Nov-09,350,,
13-Nov-09,353,,
16-Nov-09,366,,
17-Nov-09,376,,
18-Nov-09,376,,
19-Nov-09,370,,
20-Nov-09,368,,
23-Nov-09,372,,
24-Nov-09,374,,
25-Nov-09,375,,
26-Nov-09,375,,
27-Nov-09,360,,
30-Nov-09,369,,
1-Dec-09,371,,
2-Dec-09,390,,
3-Dec-09,394,,
4-Dec-09,385,,
7-Dec-09,371,,
8-Dec-09,379,,
9-Dec-09,370,,
10-Dec-09,364,,
11-Dec-09,367,,
14-Dec-09,368,,
15-Dec-09,366,,
16-Dec-09,365,,
17-Dec-09,374,,
18-Dec-09,365,,
21-Dec-09,367,,
22-Dec-09,365,,
23-Dec-09,355,,
24-Dec-09,372,,
28-Dec-09,387,,
29-Dec-09,390,,
30-Dec-09,390,,
31-Dec-09,402,,
4-Jan-10,418,,
5-Jan-10,426,,
6-Jan-10,424,,
7-Jan-10,425,,
8-Jan-10,426,,
11-Jan-10,431,,
12-Jan-10,443,,
13-Jan-10,427,,
14-Jan-10,429,,
15-Jan-10,453,,
18-Jan-10,460,,
19-Jan-10,463,,
20-Jan-10,460,,
21-Jan-10,472,,
22-Jan-10,445,,
25-Jan-10,441,,
26-Jan-10,435,,
27-Jan-10,428,,
28-Jan-10,419,,
29-Jan-10,420,,
1-Feb-10,419,,
2-Feb-10,430,,
3-Feb-10,447,,
4-Feb-10,434,,
5-Feb-10,397,,
8-Feb-10,404,,
9-Feb-10,415,,
10-Feb-10,420,,
11-Feb-10,418,,
12-Feb-10,418,,
15-Feb-10,419,,
16-Feb-10,430,,
17-Feb-10,437,,
18-Feb-10,430,,
19-Feb-10,430,,
22-Feb-10,447,,
23-Feb-10,448,,
24-Feb-10,434,,
25-Feb-10,420,,
26-Feb-10,429,,
1-Mar-10,436,,
2-Mar-10,440,,
3-Mar-10,445,,
4-Mar-10,450,,
5-Mar-10,468,,
8-Mar-10,479,,
9-Mar-10,472,,
10-Mar-10,474,,
11-Mar-10,458,,
12-Mar-10,465,,
15-Mar-10,464,,
16-Mar-10,465,,
17-Mar-10,475,,
18-Mar-10,478,,
19-Mar-10,479,,
22-Mar-10,466,,
23-Mar-10,462,,
24-Mar-10,458,,
25-Mar-10,447,,
26-Mar-10,460,,
29-Mar-10,461,,
30-Mar-10,475,,
31-Mar-10,479,,
1-Apr-10,483,,
6-Apr-10,505,,
7-Apr-10,512,,
8-Apr-10,509,,
9-Apr-10,510,,
12-Apr-10,520,,
13-Apr-10,518,,
14-Apr-10,542,,
15-Apr-10,546,,
16-Apr-10,541,,
19-Apr-10,523,,
20-Apr-10,538,,
21-Apr-10,563,,
22-Apr-10,570,,
23-Apr-10,563,,
26-Apr-10,570,,
27-Apr-10,567,,
28-Apr-10,553,,
29-Apr-10,547,,
30-Apr-10,558,,
3-May-10,548,,
4-May-10,545,,
5-May-10,515,,
6-May-10,507,,
7-May-10,504,,
10-May-10,527,,
11-May-10,525,,
12-May-10,531,,
13-May-10,547,,
14-May-10,545,,
17-May-10,520,,
18-May-10,508,,
19-May-10,490,466,
20-May-10,446,426,415
21-May-10,416,,
24-May-10,450,,
25-May-10,430,,
26-May-10,450,,
27-May-10,449,,
28-May-10,469,,
31-May-10,466,,
1-Jun-10,468,,
2-Jun-10,457,,
3-Jun-10,464,,
4-Jun-10,451,,
7-Jun-10,423,,
8-Jun-10,436,,
9-Jun-10,446,,
10-Jun-10,455,,
11-Jun-10,455,,
14-Jun-10,457,,
15-Jun-10,460,,
16-Jun-10,477,,
17-Jun-10,474,,
18-Jun-10,483,,
21-Jun-10,499,,
22-Jun-10,494,,
23-Jun-10,484,,
24-Jun-10,476,,
25-Jun-10,475,,
28-Jun-10,482,,
29-Jun-10,465,,
30-Jun-10,455,,
1-Jul-10,438,,
2-Jul-10,439,,
5-Jul-10,432,,
6-Jul-10,435,,
7-Jul-10,434,,
8-Jul-10,453,,
9-Jul-10,448,,
12-Jul-10,459,,
13-Jul-10,458,,
14-Jul-10,466,,
15-Jul-10,466,,
16-Jul-10,464,,
19-Jul-10,455,,
20-Jul-10,450,,
21-Jul-10,449,,
22-Jul-10,448,,
23-Jul-10,462,,
26-Jul-10,476,,
27-Jul-10,478,,
28-Jul-10,474,,
29-Jul-10,477,,
30-Jul-10,491,,
2-Aug-10,500,,
3-Aug-10,513,,
4-Aug-10,508,,
5-Aug-10,495,,
6-Aug-10,500,,
9-Aug-10,490,,
10-Aug-10,479,,
11-Aug-10,475,,
12-Aug-10,465,,
13-Aug-10,476,,
16-Aug-10,482,,
17-Aug-10,488,,
18-Aug-10,499,,
19-Aug-10,492,,
20-Aug-10,485,,
23-Aug-10,484,,
24-Aug-10,480,,
25-Aug-10,488,,
26-Aug-10,500,,
27-Aug-10,503,,
30-Aug-10,507,,
31-Aug-10,492,,
1-Sep-10,506,,
2-Sep-10,522,,
3-Sep-10,525,,
6-Sep-10,533,,
7-Sep-10,529,,
8-Sep-10,528,,
9-Sep-10,526,,
10-Sep-10,524,,
13-Sep-10,522,,
14-Sep-10,542,,
15-Sep-10,550,,
16-Sep-10,555,,
17-Sep-10,558,,
20-Sep-10,547,,
21-Sep-10,536,,
22-Sep-10,545,,
23-Sep-10,547,,
24-Sep-10,559,,
27-Sep-10,561,,
28-Sep-10,547,,
29-Sep-10,572,,
30-Sep-10,565,,
1-Oct-10,573,,
4-Oct-10,573,,
5-Oct-10,560,,
6-Oct-10,582,,
7-Oct-10,597,,
8-Oct-10,587,,
11-Oct-10,590,,
12-Oct-10,586,,
13-Oct-10,594,,
14-Oct-10,603,,
15-Oct-10,601,,
18-Oct-10,575,,
19-Oct-10,587,,
20-Oct-10,578,,
21-Oct-10,590,,
22-Oct-10,595,,
25-Oct-10,618,,
26-Oct-10,615,,
27-Oct-10,630,,
28-Oct-10,622,,
29-Oct-10,636,,
1-Nov-10,653,,
2-Nov-10,653,,
3-Nov-10,643,,
4-Nov-10,662,,
5-Nov-10,683,,
8-Nov-10,685,,
9-Nov-10,720,,
10-Nov-10,709,,
11-Nov-10,716,,
12-Nov-10,687,,
15-Nov-10,677,,
16-Nov-10,675,,
17-Nov-10,633,,
18-Nov-10,682,,
19-Nov-10,705,,
22-Nov-10,712,,
23-Nov-10,687,,
24-Nov-10,700,,
25-Nov-10,698,,
26-Nov-10,687,,
29-Nov-10,688,,
30-Nov-10,699,,
1-Dec-10,710,,
2-Dec-10,752,,
3-Dec-10,762,,
6-Dec-10,776,,
7-Dec-10,766,,
8-Dec-10,736,,
9-Dec-10,740,,
10-Dec-10,749,,
13-Dec-10,748,,
14-Dec-10,765,,
15-Dec-10,762,,
16-Dec-10,753,,
17-Dec-10,748,,
20-Dec-10,746,,
21-Dec-10,753,,
22-Dec-10,756,,
23-Dec-10,756,,
24-Dec-10,757,,
28-Dec-10,775,,
29-Dec-10,792,,
30-Dec-10,798,,
31-Dec-10,790,,
4-Jan-11,795,,
5-Jan-11,775,,
6-Jan-11,777,,
7-Jan-11,758,,
10-Jan-11,755,,
11-Jan-11,764,,
12-Jan-11,800,,
13-Jan-11,812,,
14-Jan-11,807,,
17-Jan-11,795,,
18-Jan-11,805,,
19-Jan-11,826,,
20-Jan-11,808,,
21-Jan-11,812,,
24-Jan-11,827,,
25-Jan-11,800,,
26-Jan-11,795,,
27-Jan-11,811,,
28-Jan-11,804,,
31-Jan-11,818,,
1-Feb-11,825,,
2-Feb-11,825,,
3-Feb-11,818,,
4-Feb-11,819,,
7-Feb-11,818,,
8-Feb-11,833,,
9-Feb-11,838,,
10-Feb-11,830,,
11-Feb-11,825,,
14-Feb-11,826,,
15-Feb-11,837,,
16-Feb-11,844,,
17-Feb-11,845,,
18-Feb-11,847,,
21-Feb-11,860,,
22-Feb-11,854,,
23-Feb-11,815,,
24-Feb-11,770,,
25-Feb-11,789,,
28-Feb-11,798,,
1-Mar-11,800,,
2-Mar-11,816,,
3-Mar-11,820,,
4-Mar-11,807,,
7-Mar-11,816,,
8-Mar-11,786,,
9-Mar-11,794,,
10-Mar-11,776,,
11-Mar-11,770,,
14-Mar-11,760,,
15-Mar-11,730,,
16-Mar-11,712,,
17-Mar-11,706,,
18-Mar-11,730,,
21-Mar-11,740,,
22-Mar-11,748,,
23-Mar-11,739,,
24-Mar-11,756,,
25-Mar-11,753,,
28-Mar-11,743,,
29-Mar-11,750,,
30-Mar-11,762,,
31-Mar-11,761,,
1-Apr-11,770,,
4-Apr-11,780,,
5-Apr-11,787,,
6-Apr-11,791,,
7-Apr-11,779,,
8-Apr-11,790,,
11-Apr-11,803,,
12-Apr-11,780,,
13-Apr-11,773,,
14-Apr-11,773,,
15-Apr-11,777,,
18-Apr-11,768,,
19-Apr-11,737,,
20-Apr-11,751,,
21-Apr-11,769,,
26-Apr-11,758,,
27-Apr-11,758,,
28-Apr-11,770,,
29-Apr-11,787,,
3-May-11,778,,
4-May-11,772,,
5-May-11,754,,
6-May-11,717,,
9-May-11,727,,
10-May-11,730,,
11-May-11,733,,
12-May-11,713,,
13-May-11,723,,
16-May-11,713,,
17-May-11,719,,
18-May-11,728,,
19-May-11,736,,
20-May-11,735,,
23-May-11,730,,
24-May-11,735,,
25-May-11,738,,
26-May-11,752,,
27-May-11,759,,
30-May-11,764,,
31-May-11,764,,
1-Jun-11,780,,
2-Jun-11,776,,
3-Jun-11,770,,
6-Jun-11,790,,
7-Jun-11,797,,
8-Jun-11,807,,
9-Jun-11,808,,
10-Jun-11,818,,
13-Jun-11,814,,
14-Jun-11,805,,
15-Jun-11,796,,
16-Jun-11,770,,
17-Jun-11,765,,
20-Jun-11,748,,
21-Jun-11,758,,
22-Jun-11,770,,
23-Jun-11,766,,
24-Jun-11,753,,
27-Jun-11,727,,
28-Jun-11,730,,
29-Jun-11,748,,
30-Jun-11,762,,
1-Jul-11,756,,
4-Jul-11,763,,
5-Jul-11,760,,
6-Jul-11,780,,
7-Jul-11,775,,
8-Jul-11,787,,
11-Jul-11,774,,
12-Jul-11,765,,
13-Jul-11,771,,
14-Jul-11,785,,
15-Jul-11,778,,
18-Jul-11,786,,
19-Jul-11,804,,
20-Jul-11,796,,
21-Jul-11,798,,
22-Jul-11,810,,
25-Jul-11,809,,
26-Jul-11,813,,
27-Jul-11,845,,
28-Jul-11,832,,
29-Jul-11,828,,
1-Aug-11,843,,
2-Aug-11,833,,
3-Aug-11,830,,
4-Aug-11,788,,
5-Aug-11,735,,
8-Aug-11,732,,
9-Aug-11,732,,
10-Aug-11,749,,
11-Aug-11,740,,
12-Aug-11,743,,
15-Aug-11,756,,
16-Aug-11,752,,
17-Aug-11,755,,
18-Aug-11,781,,
19-Aug-11,758,,
22-Aug-11,752,,
23-Aug-11,763,,
24-Aug-11,760,,
25-Aug-11,752,,
26-Aug-11,752,,
29-Aug-11,759,,
30-Aug-11,756,,
31-Aug-11,780,,
1-Sep-11,787,,
2-Sep-11,788,,
5-Sep-11,778,,
6-Sep-11,767,,
7-Sep-11,752,,
8-Sep-11,756,,
9-Sep-11,765,,
12-Sep-11,734,,
13-Sep-11,721,,
14-Sep-11,722,,
15-Sep-11,720,,
16-Sep-11,729,,
19-Sep-11,732,,
20-Sep-11,719,,
21-Sep-11,723,,
22-Sep-11,688,,
23-Sep-11,656,,
26-Sep-11,612,,
27-Sep-11,642,,
28-Sep-11,655,,
29-Sep-11,627,,
30-Sep-11,635,,
3-Oct-11,608,,
4-Oct-11,595,,
5-Oct-11,570,,
6-Oct-11,600,,
7-Oct-11,611,,
10-Oct-11,602,,
11-Oct-11,613,,
12-Oct-11,610,,
13-Oct-11,607,,
14-Oct-11,600,,
17-Oct-11,635,,
18-Oct-11,610,,
19-Oct-11,626,,
20-Oct-11,596,,
21-Oct-11,601,,
24-Oct-11,633,,
25-Oct-11,645,,
26-Oct-11,653,,
27-Oct-11,652,,
28-Oct-11,667,,
31-Oct-11,652,,
1-Nov-11,642,,
2-Nov-11,645,,
3-Nov-11,642,,
4-Nov-11,662,,
7-Nov-11,658,,
8-Nov-11,665,,
9-Nov-11,675,,
10-Nov-11,645,,
11-Nov-11,652,,
14-Nov-11,664,,
15-Nov-11,663,,
16-Nov-11,654,,
17-Nov-11,648,,
18-Nov-11,608,,
21-Nov-11,601,,
22-Nov-11,592,,
23-Nov-11,598,,
24-Nov-11,591,,
25-Nov-11,581,,
28-Nov-11,582,,
29-Nov-11,585,,
30-Nov-11,584,,
1-Dec-11,615,,
2-Dec-11,642,,
5-Dec-11,651,,
6-Dec-11,638,,
7-Dec-11,690,,
8-Dec-11,680,,
9-Dec-11,665,,
12-Dec-11,676,,
13-Dec-11,654,,
14-Dec-11,645,,
15-Dec-11,625,,
16-Dec-11,631,,
19-Dec-11,620,,
20-Dec-11,617,,
21-Dec-11,633,,
22-Dec-11,633,,
23-Dec-11,662,,
28-Dec-11,660,,
29-Dec-11,638,,
30-Dec-11,636,,
3-Jan-12,660,,
4-Jan-12,666,,
5-Jan-12,659,,
6-Jan-12,643,,
9-Jan-12,618,,
10-Jan-12,628,,
11-Jan-12,645,,
12-Jan-12,649,,
13-Jan-12,636,,
16-Jan-12,641,,
17-Jan-12,655,,
18-Jan-12,654,,
19-Jan-12,671,,
20-Jan-12,678,,
23-Jan-12,680,,
24-Jan-12,689,,
25-Jan-12,682,,
26-Jan-12,696,,
27-Jan-12,691,,
30-Jan-12,685,,
31-Jan-12,696,,
1-Feb-12,691,,
2-Feb-12,701,,
3-Feb-12,716,,
6-Feb-12,705,,
7-Feb-12,707,,
8-Feb-12,713,,
9-Feb-12,718,,
10-Feb-12,707,,
13-Feb-12,708,,
14-Feb-12,702,,
15-Feb-12,693,,
16-Feb-12,683,,
17-Feb-12,698,,
20-Feb-12,693,,
21-Feb-12,699,,
22-Feb-12,717,,
23-Feb-12,722,,
24-Feb-12,719,,
27-Feb-12,714,,
28-Feb-12,704,,
29-Feb-12,725,,
1-Mar-12,702,,
2-Mar-12,712,,
5-Mar-12,711,,
6-Mar-12,704,682,
7-Mar-12,673,,
8-Mar-12,689,,
9-Mar-12,700,,
12-Mar-12,704,,
13-Mar-12,704,,
14-Mar-12,702,,
15-Mar-12,700,,
16-Mar-12,705,,
19-Mar-12,702,,
20-Mar-12,702,,
21-Mar-12,697,,
22-Mar-12,684,,
23-Mar-12,660,,
26-Mar-12,663,,
27-Mar-12,668,,
28-Mar-12,656,,
29-Mar-12,649,,
30-Mar-12,655,,
2-Apr-12,656,,
3-Apr-12,664,,
4-Apr-12,652,,
5-Apr-12,635,,
10-Apr-12,652,,
11-Apr-12,642,,
12-Apr-12,645,,
13-Apr-12,654,,
16-Apr-12,644,,
17-Apr-12,646,,
18-Apr-12,665,,
19-Apr-12,659,,
20-Apr-12,667,,
23-Apr-12,673,,
24-Apr-12,673,,
25-Apr-12,668,,
26-Apr-12,668,,
27-Apr-12,670,,
30-Apr-12,684,,
1-May-12,684,,
2-May-12,678,,
3-May-12,668,,
4-May-12,663,,
7-May-12,650,,
8-May-12,646,,
9-May-12,618,,
10-May-12,617,,
11-May-12,611,,
14-May-12,604,,
15-May-12,599,,
16-May-12,593,,
17-May-12,602,,
18-May-12,600,,
21-May-12,612,,
22-May-12,615,,
23-May-12,605,,
24-May-12,594,,
25-May-12,591,,
28-May-12,596,,
29-May-12,609,,
30-May-12,603,,
31-May-12,609,,
1-Jun-12,609,,
4-Jun-12,608,,
5-Jun-12,615,,
6-Jun-12,622,,
7-Jun-12,629,,
8-Jun-12,614,,
11-Jun-12,627,,
12-Jun-12,622,,
13-Jun-12,621,,
14-Jun-12,622,,
15-Jun-12,638,,
18-Jun-12,633,,
19-Jun-12,635,,
20-Jun-12,631,,
21-Jun-12,617,,
22-Jun-12,606,,
25-Jun-12,612,,
26-Jun-12,604,,
27-Jun-12,592,,
28-Jun-12,583,,
29-Jun-12,582,,
2-Jul-12,581,,
3-Jul-12,584,,
4-Jul-12,604,,
5-Jul-12,597,,
6-Jul-12,585,,
9-Jul-12,582,,
10-Jul-12,582,,
11-Jul-12,582,,
12-Jul-12,580,,
13-Jul-12,583,,
16-Jul-12,584,,
17-Jul-12,584,,
18-Jul-12,582,,
19-Jul-12,581,,
20-Jul-12,584,,
23-Jul-12,573,,
24-Jul-12,574,,
25-Jul-12,564,,
26-Jul-12,570,,
27-Jul-12,574,,
30-Jul-12,572,,
31-Jul-12,594,,
1-Aug-12,590,,
2-Aug-12,583,,
3-Aug-12,573,,
6-Aug-12,578,,
7-Aug-12,582,,
8-Aug-12,585,,
9-Aug-12,591,,
10-Aug-12,584,,
13-Aug-12,583,,
14-Aug-12,577,,
15-Aug-12,581,,
16-Aug-12,577,,
17-Aug-12,588,,
20-Aug-12,607,,
21-Aug-12,606,,
22-Aug-12,626,,
23-Aug-12,638,,
24-Aug-12,650,,
27-Aug-12,657,,
28-Aug-12,645,,
29-Aug-12,639,,
30-Aug-12,634,,
31-Aug-12,619,,
3-Sep-12,633,,
4-Sep-12,638,,
5-Sep-12,639,,
6-Sep-12,647,,
7-Sep-12,644,,
10-Sep-12,659,,
11-Sep-12,673,,
12-Sep-12,671,,
13-Sep-12,682,,
14-Sep-12,695,,
17-Sep-12,691,,
18-Sep-12,679,,
19-Sep-12,675,,
20-Sep-12,665,,
21-Sep-12,669,,
24-Sep-12,658,,
25-Sep-12,647,,
26-Sep-12,639,,
27-Sep-12,630,,
28-Sep-12,639,,
1-Oct-12,630,,
2-Oct-12,645,,
3-Oct-12,650,,
4-Oct-12,662,,
5-Oct-12,669,,
8-Oct-12,653,,
9-Oct-12,666,,
10-Oct-12,656,,
11-Oct-12,655,,
12-Oct-12,654,,
15-Oct-12,635,,
16-Oct-12,640,,
17-Oct-12,643,,
18-Oct-12,655,,
19-Oct-12,643,,
22-Oct-12,633,,
23-Oct-12,622,,
24-Oct-12,603,,
25-Oct-12,607,,
26-Oct-12,600,,
29-Oct-12,600,,
30-Oct-12,595,,
31-Oct-12,606,,
1-Nov-12,611,,
2-Nov-12,612,,
5-Nov-12,602,,
6-Nov-12,615,,
7-Nov-12,625,,
8-Nov-12,611,,
9-Nov-12,617,,
12-Nov-12,613,,
13-Nov-12,609,,
14-Nov-12,650,,
15-Nov-12,634,,
16-Nov-12,627,,
19-Nov-12,634,,
20-Nov-12,645,,
21-Nov-12,635,,
22-Nov-12,654,,
23-Nov-12,658,,
26-Nov-12,665,,
27-Nov-12,668,,
28-Nov-12,667,,
29-Nov-12,675,,
30-Nov-12,690,,
3-Dec-12,684,,
4-Dec-12,682,,
5-Dec-12,682,,
6-Dec-12,685,,
7-Dec-12,695,,
10-Dec-12,701,,
11-Dec-12,701,,
12-Dec-12,695,,
13-Dec-12,688,,
14-Dec-12,698,,
17-Dec-12,700,,
18-Dec-12,703,,
19-Dec-12,696,,
20-Dec-12,695,,
21-Dec-12,674,,
24-Dec-12,684,,
27-Dec-12,694,,
28-Dec-12,710,,
31-Dec-12,705,,
2-Jan-13,708,,
3-Jan-13,706,,
4-Jan-13,685,,
7-Jan-13,687,,
8-Jan-13,669,,
9-Jan-13,677,,
10-Jan-13,698,,
11-Jan-13,702,,
14-Jan-13,702,,
15-Jan-13,714,,
16-Jan-13,715,,
17-Jan-13,722,,
18-Jan-13,732,,
21-Jan-13,720,,
22-Jan-13,721,,
23-Jan-13,727,,
24-Jan-13,720,,
25-Jan-13,729,,
28-Jan-13,746,,
29-Jan-13,748,,
30-Jan-13,760,,
31-Jan-13,751,,
1-Feb-13,744,,
4-Feb-13,758,,
5-Feb-13,755,,
6-Feb-13,766,,
7-Feb-13,766,,
8-Feb-13,748,,
11-Feb-13,755,,
12-Feb-13,760,,
13-Feb-13,775,,
14-Feb-13,769,,
15-Feb-13,765,,
18-Feb-13,758,,
19-Feb-13,763,,
20-Feb-13,765,,
21-Feb-13,729,,
22-Feb-13,740,,
25-Feb-13,743,,
26-Feb-13,738,,
27-Feb-13,748,,
28-Feb-13,749,,
1-Mar-13,728,,
4-Mar-13,720,,
5-Mar-13,725,,
6-Mar-13,742,,
7-Mar-13,747,,
8-Mar-13,762,,
11-Mar-13,775,,
12-Mar-13,776,,
13-Mar-13,770,,
14-Mar-13,766,,
15-Mar-13,773,,
18-Mar-13,761,,
19-Mar-13,765,,
20-Mar-13,742,,
21-Mar-13,763,,
22-Mar-13,756,,
25-Mar-13,761,,
26-Mar-13,758,,
27-Mar-13,761,,
28-Mar-13,767,,
2-Apr-13,777,,
3-Apr-13,767,,
4-Apr-13,752,,
5-Apr-13,729,,
8-Apr-13,732,,
9-Apr-13,737,,
10-Apr-13,728,,
11-Apr-13,721,,
12-Apr-13,731,,
15-Apr-13,684,,
16-Apr-13,680,,
17-Apr-13,676,,
18-Apr-13,660,,
19-Apr-13,680,,
22-Apr-13,677,,
23-Apr-13,678,,
24-Apr-13,685,,
25-Apr-13,676,,
26-Apr-13,684,,
29-Apr-13,682,,
30-Apr-13,701,,
1-May-13,698,,
2-May-13,688,,
3-May-13,703,,
6-May-13,695,,
7-May-13,692,,
8-May-13,688,,
9-May-13,697,,
10-May-13,715,,
13-May-13,707,,
14-May-13,725,,
15-May-13,724,,
16-May-13,727,,
17-May-13,740,,
20-May-13,736,,
21-May-13,748,,
22-May-13,750,,
23-May-13,742,,
24-May-13,741,,
27-May-13,733,,
28-May-13,735,,
29-May-13,753,,
30-May-13,754,,
31-May-13,755,,
3-Jun-13,753,,
4-Jun-13,756,,
5-Jun-13,756,,
6-Jun-13,756,,
7-Jun-13,761,,
10-Jun-13,758,,
11-Jun-13,765,,
12-Jun-13,756,,
13-Jun-13,756,,
14-Jun-13,734,,
17-Jun-13,733,,
18-Jun-13,705,,
19-Jun-13,709,,
20-Jun-13,686,,
21-Jun-13,682,,
24-Jun-13,667,,
25-Jun-13,668,,
26-Jun-13,660,,
27-Jun-13,642,,
28-Jun-13,648,,
1-Jul-13,677,,
2-Jul-13,693,,
3-Jul-13,688,,
4-Jul-13,686,,
5-Jul-13,676,,
8-Jul-13,676,,
9-Jul-13,705,,
10-Jul-13,702,,
11-Jul-13,727,,
12-Jul-13,723,,
15-Jul-13,728,,
16-Jul-13,733,,
17-Jul-13,734,,
18-Jul-13,733,,
19-Jul-13,746,,
22-Jul-13,750,,
23-Jul-13,743,,
24-Jul-13,739,,
25-Jul-13,744,,
26-Jul-13,740,,
29-Jul-13,725,,
30-Jul-13,743,,
31-Jul-13,738,,
1-Aug-13,732,,
2-Aug-13,728,,
5-Aug-13,733,,
6-Aug-13,730,,
7-Aug-13,722,,
8-Aug-13,732,,
9-Aug-13,742,,
12-Aug-13,747,,
13-Aug-13,740,,
14-Aug-13,736,,
15-Aug-13,748,,
16-Aug-13,760,,
19-Aug-13,760,,
20-Aug-13,747,,
21-Aug-13,748,,
22-Aug-13,750,,
23-Aug-13,758,,
26-Aug-13,756,,
27-Aug-13,752,,
28-Aug-13,748,,
29-Aug-13,744,,
30-Aug-13,740,,
2-Sep-13,730,,
3-Sep-13,721,,
4-Sep-13,720,,
5-Sep-13,697,,
6-Sep-13,690,,
9-Sep-13,697,,
10-Sep-13,689,,
11-Sep-13,700,,
12-Sep-13,690,,
13-Sep-13,689,,
16-Sep-13,710,,
17-Sep-13,708,,
18-Sep-13,703,,
19-Sep-13,721,,
20-Sep-13,732,,
23-Sep-13,719,,
24-Sep-13,716,,
25-Sep-13,724,,
26-Sep-13,724,,
27-Sep-13,723,,
30-Sep-13,731,,
1-Oct-13,728,,
2-Oct-13,718,,
3-Oct-13,721,,
4-Oct-13,703,,
7-Oct-13,703,,
8-Oct-13,708,,
9-Oct-13,711,,
10-Oct-13,706,,
11-Oct-13,710,,
14-Oct-13,715,,
15-Oct-13,713,,
16-Oct-13,710,,
17-Oct-13,716,,
18-Oct-13,742,,
21-Oct-13,747,,
22-Oct-13,751,,
23-Oct-13,751,,
24-Oct-13,751,,
25-Oct-13,744,,
28-Oct-13,743,,
29-Oct-13,745,,
30-Oct-13,749,,
31-Oct-13,742,,
1-Nov-13,741,,
4-Nov-13,742,,
5-Nov-13,746,,
6-Nov-13,756,,
7-Nov-13,762,,
8-Nov-13,763,,
11-Nov-13,757,,
12-Nov-13,753,,
13-Nov-13,741,,
14-Nov-13,738,,
15-Nov-13,738,,
18-Nov-13,730,,
19-Nov-13,716,,
20-Nov-13,718,,
21-Nov-13,712,,
22-Nov-13,717,,
25-Nov-13,712,,
26-Nov-13,725,,
27-Nov-13,720,,
28-Nov-13,718,,
29-Nov-13,723,,
2-Dec-13,720,,
3-Dec-13,714,,
4-Dec-13,715,,
5-Dec-13,726,,
6-Dec-13,735,,
9-Dec-13,734,,
10-Dec-13,741,,
11-Dec-13,740,,
12-Dec-13,738,,
13-Dec-13,720,,
16-Dec-13,717,,
17-Dec-13,718,,
18-Dec-13,703,,
19-Dec-13,702,,
20-Dec-13,700,,
23-Dec-13,700,,
24-Dec-13,698,,
27-Dec-13,700,,
30-Dec-13,713,,
31-Dec-13,714,,
2-Jan-14,726,,
3-Jan-14,733,,
6-Jan-14,733,,
7-Jan-14,739,,
8-Jan-14,738,,
9-Jan-14,740,,
10-Jan-14,742,,
13-Jan-14,745,,
14-Jan-14,742,,
15-Jan-14,737,,
16-Jan-14,744,,
17-Jan-14,745,,
20-Jan-14,753,,
21-Jan-14,748,,
22-Jan-14,749,,
23-Jan-14,749,,
24-Jan-14,749,,
27-Jan-14,738,,
28-Jan-14,728,,
29-Jan-14,720,,
30-Jan-14,720,,
31-Jan-14,710,,
3-Feb-14,712,,
4-Feb-14,707,,
5-Feb-14,709,,
6-Feb-14,715,,
7-Feb-14,718,,
10-Feb-14,720,,
11-Feb-14,725,,
12-Feb-14,725,,
13-Feb-14,731,,
14-Feb-14,738,,
17-Feb-14,743,,
18-Feb-14,740,,
19-Feb-14,742,,
20-Feb-14,736,,
21-Feb-14,740,,
24-Feb-14,743,,
25-Feb-14,742,,
26-Feb-14,739,,
27-Feb-14,737,,
28-Feb-14,747,,
3-Mar-14,751,,
4-Mar-14,755,,
5-Mar-14,775,,
6-Mar-14,779,,
7-Mar-14,780,,
10-Mar-14,779,,
11-Mar-14,782,,
12-Mar-14,775,,
13-Mar-14,785,,
14-Mar-14,786,,
17-Mar-14,789,,
18-Mar-14,777,,
19-Mar-14,779,,
20-Mar-14,768,,
21-Mar-14,784,,
24-Mar-14,808,,
25-Mar-14,798,,
26-Mar-14,796,,
27-Mar-14,777,,
28-Mar-14,773,,
31-Mar-14,785,,
1-Apr-14,783,,
2-Apr-14,792,,
3-Apr-14,800,,
4-Apr-14,800,,
7-Apr-14,800,,
8-Apr-14,790,,
9-Apr-14,790,,
10-Apr-14,799,,
11-Apr-14,800,,
14-Apr-14,823,,
15-Apr-14,811,,
16-Apr-14,807,,
17-Apr-14,815,,
22-Apr-14,795,,
23-Apr-14,800,,
24-Apr-14,799,,
25-Apr-14,816,,
28-Apr-14,822,,
29-Apr-14,808,,
30-Apr-14,813,,
1-May-14,824,,
2-May-14,824,,
6-May-14,826,,
7-May-14,828,,
8-May-14,813,,
9-May-14,815,,
12-May-14,814,,
13-May-14,816,,
14-May-14,832,,
15-May-14,834,,
16-May-14,824,,
19-May-14,835,,
20-May-14,828,,
21-May-14,840,,
22-May-14,842,,
23-May-14,847,,
27-May-14,846,,
28-May-14,843,,
29-May-14,848,,
30-May-14,845,,
2-Jun-14,840,,
3-Jun-14,843,,
4-Jun-14,845,,
5-Jun-14,847,,
6-Jun-14,850,,
9-Jun-14,857,,
10-Jun-14,858,,
11-Jun-14,864,,
12-Jun-14,869,,
13-Jun-14,837,,
16-Jun-14,823,,
17-Jun-14,826,,
18-Jun-14,835,,
19-Jun-14,836,,
20-Jun-14,838,,
23-Jun-14,824,,
24-Jun-14,836,,
25-Jun-14,835,,
26-Jun-14,838,,
27-Jun-14,849,,
30-Jun-14,854,,
1-Jul-14,853,,
2-Jul-14,862,,
3-Jul-14,865,,
4-Jul-14,865,,
7-Jul-14,875,,
8-Jul-14,877,,
9-Jul-14,884,,
10-Jul-14,885,,
11-Jul-14,881,,
14-Jul-14,881,,
15-Jul-14,881,,
16-Jul-14,879,,
17-Jul-14,890,,
18-Jul-14,890,,
21-Jul-14,892,,
22-Jul-14,881,,
23-Jul-14,883,,
24-Jul-14,880,,
25-Jul-14,883,,
28-Jul-14,890,,
29-Jul-14,891,,
30-Jul-14,891,,
31-Jul-14,893,,
1-Aug-14,883,,
4-Aug-14,876,,
5-Aug-14,862,,
6-Aug-14,854,,
7-Aug-14,862,,
8-Aug-14,865,,
11-Aug-14,865,,
12-Aug-14,882,,
13-Aug-14,884,,
14-Aug-14,886,,
15-Aug-14,891,,
18-Aug-14,903,,
19-Aug-14,901,,
20-Aug-14,879,,
21-Aug-14,873,,
22-Aug-14,888,,
26-Aug-14,895,,
27-Aug-14,896,,
28-Aug-14,902,,
29-Aug-14,903,,
1-Sep-14,914,,
2-Sep-14,910,,
3-Sep-14,890,,
4-Sep-14,885,,
5-Sep-14,892,,
8-Sep-14,898,,
9-Sep-14,885,,
10-Sep-14,860,,
11-Sep-14,857,,
12-Sep-14,835,,
15-Sep-14,852,,
16-Sep-14,844,,
17-Sep-14,848,,
18-Sep-14,835,,
19-Sep-14,830,,
22-Sep-14,812,,
23-Sep-14,811,,
24-Sep-14,827,,
25-Sep-14,802,,
26-Sep-14,813,,
29-Sep-14,794,,
30-Sep-14,793,,
1-Oct-14,774,,
2-Oct-14,786,,
3-Oct-14,772,,
6-Oct-14,755,,
7-Oct-14,778,,
8-Oct-14,800,,
9-Oct-14,811,,
10-Oct-14,793,,
13-Oct-14,795,,
14-Oct-14,799,,
15-Oct-14,785,,
16-Oct-14,770,,
17-Oct-14,750,,
20-Oct-14,765,,
21-Oct-14,770,,
22-Oct-14,780,,
23-Oct-14,773,,
24-Oct-14,789,,
27-Oct-14,786,,
28-Oct-14,791,,
29-Oct-14,802,,
30-Oct-14,794,,
31-Oct-14,786,,
3-Nov-14,805,,
4-Nov-14,805,,
5-Nov-14,771,,
6-Nov-14,766,,
7-Nov-14,760,,
10-Nov-14,775,,
11-Nov-14,769,,
12-Nov-14,780,,
13-Nov-14,785,,
14-Nov-14,772,,
17-Nov-14,770,,
18-Nov-14,780,,
19-Nov-14,780,,
20-Nov-14,771,,
21-Nov-14,782,,
24-Nov-14,796,,
25-Nov-14,799,,
26-Nov-14,805,,
27-Nov-14,801,,
28-Nov-14,809,,
1-Dec-14,805,,
2-Dec-14,809,,
3-Dec-14,815,,
4-Dec-14,807,,
5-Dec-14,805,,
8-Dec-14,809,,
9-Dec-14,808,,
10-Dec-14,820,,
11-Dec-14,824,,
12-Dec-14,824,,
15-Dec-14,817,,
16-Dec-14,804,,
17-Dec-14,796,,
18-Dec-14,792,,
19-Dec-14,798,,
22-Dec-14,810,,
23-Dec-14,819,,
24-Dec-14,820,,
29-Dec-14,823,,
30-Dec-14,817,,
31-Dec-14,810,,
2-Jan-15,803,,
5-Jan-15,807,,
6-Jan-15,805,,
7-Jan-15,804,,
8-Jan-15,794,,
9-Jan-15,798,,
12-Jan-15,807,,
13-Jan-15,814,,
14-Jan-15,800,,
15-Jan-15,784,,
16-Jan-15,776,,
19-Jan-15,760,,
20-Jan-15,772,,
21-Jan-15,784,,
22-Jan-15,764,,
23-Jan-15,776,,
26-Jan-15,772,,
27-Jan-15,789,,
28-Jan-15,791,,
29-Jan-15,796,,
30-Jan-15,787,,
2-Feb-15,776,,
3-Feb-15,800,,
4-Feb-15,796,,
5-Feb-15,795,,
6-Feb-15,800,,
9-Feb-15,792,,
10-Feb-15,785,,
11-Feb-15,775,,
12-Feb-15,778,,
13-Feb-15,783,,
16-Feb-15,793,,
17-Feb-15,787,,
18-Feb-15,785,,
19-Feb-15,782,,
20-Feb-15,787,,
23-Feb-15,782,,
24-Feb-15,790,,
25-Feb-15,807,,
26-Feb-15,818,,
27-Feb-15,810,,
2-Mar-15,820,,
3-Mar-15,831,,
4-Mar-15,833,,
5-Mar-15,834,,
6-Mar-15,832,,
9-Mar-15,827,,
10-Mar-15,814,,
11-Mar-15,809,,
12-Mar-15,800,,
13-Mar-15,800,,
16-Mar-15,797,,
17-Mar-15,785,,
18-Mar-15,769,,
19-Mar-15,777,,
20-Mar-15,774,,
23-Mar-15,783,,
24-Mar-15,780,,
25-Mar-15,772,,
26-Mar-15,782,,
27-Mar-15,770,,
30-Mar-15,745,,
31-Mar-15,741,,
1-Apr-15,745,,
2-Apr-15,756,,
7-Apr-15,784,,
8-Apr-15,777,,
9-Apr-15,762,,
10-Apr-15,771,,
13-Apr-15,790,,
14-Apr-15,770,,
15-Apr-15,770,,
16-Apr-15,776,,
17-Apr-15,786,,
20-Apr-15,783,,
21-Apr-15,780,,
22-Apr-15,774,,
23-Apr-15,762,,
24-Apr-15,780,,
27-Apr-15,775,,
28-Apr-15,784,,
29-Apr-15,779,,
30-Apr-15,790,,
1-May-15,785,,
4-May-15,780,,
5-May-15,784,,
6-May-15,799,,
7-May-15,797,,
8-May-15,795,,
11-May-15,801,,
12-May-15,794,,
13-May-15,795,,
14-May-15,790,,
15-May-15,790,,
18-May-15,798,,
19-May-15,790,,
20-May-15,788,,
21-May-15,784,,
22-May-15,788,,
26-May-15,790,,
27-May-15,792,,
28-May-15,795,,
29-May-15,787,,
1-Jun-15,780,,
2-Jun-15,778,,
3-Jun-15,770,,
4-Jun-15,760,,
5-Jun-15,761,,
8-Jun-15,756,,
9-Jun-15,752,,
10-Jun-15,750,,
11-Jun-15,746,,
12-Jun-15,747,,
15-Jun-15,739,,
16-Jun-15,740,,
17-Jun-15,735,,
18-Jun-15,726,,
19-Jun-15,724,,
22-Jun-15,707,,
23-Jun-15,707,,
24-Jun-15,705,,
25-Jun-15,702,,
26-Jun-15,680,,
29-Jun-15,679,,
30-Jun-15,672,,
1-Jul-15,692,,
2-Jul-15,709,,
3-Jul-15,696,,
6-Jul-15,683,,
7-Jul-15,685,,
8-Jul-15,640,,
9-Jul-15,665,,
10-Jul-15,654,,
13-Jul-15,657,,
14-Jul-15,660,,
15-Jul-15,659,,
16-Jul-15,648,,
17-Jul-15,634,,
20-Jul-15,614,,
21-Jul-15,618,,
22-Jul-15,625,,
23-Jul-15,640,,
24-Jul-15,626,,
27-Jul-15,625,,
28-Jul-15,621,,
29-Jul-15,627,,
30-Jul-15,624,,
31-Jul-15,619,,
3-Aug-15,616,,
4-Aug-15,605,,
5-Aug-15,599,,
6-Aug-15,600,,
7-Aug-15,604,,
10-Aug-15,605,,
11-Aug-15,618,,
12-Aug-15,613,,
13-Aug-15,628,,
14-Aug-15,625,,
17-Aug-15,622,,
18-Aug-15,614,,
19-Aug-15,601,,
20-Aug-15,624,,
21-Aug-15,610,,
24-Aug-15,596,,
25-Aug-15,553,,
26-Aug-15,540,,
27-Aug-15,550,,
28-Aug-15,575,,
1-Sep-15,597,,
2-Sep-15,580,,
3-Sep-15,588,,
4-Sep-15,578,,
7-Sep-15,586,,
8-Sep-15,588,,
9-Sep-15,593,,
10-Sep-15,590,,
11-Sep-15,588,,
14-Sep-15,596,,
15-Sep-15,588,,
16-Sep-15,603,,
17-Sep-15,613,,
18-Sep-15,613,,
21-Sep-15,612,,
22-Sep-15,613,,
23-Sep-15,626,,
24-Sep-15,650,,
25-Sep-15,665,,
28-Sep-15,659,,
29-Sep-15,649,,
30-Sep-15,674,,
1-Oct-15,665,,
2-Oct-15,697,,
5-Oct-15,716,,
6-Oct-15,697,,
7-Oct-15,710,,
8-Oct-15,698,,
9-Oct-15,716,,
12-Oct-15,720,,
13-Oct-15,690,,
14-Oct-15,694,,
15-Oct-15,710,,
16-Oct-15,699,,
19-Oct-15,693,,
20-Oct-15,691,,
21-Oct-15,688,,
22-Oct-15,677,,
23-Oct-15,695,,
26-Oct-15,684,,
27-Oct-15,680,,
28-Oct-15,683,,
29-Oct-15,674,,
30-Oct-15,688,,
2-Nov-15,670,,
3-Nov-15,660,,
4-Nov-15,652,,
5-Nov-15,624,,
6-Nov-15,615,,
9-Nov-15,610,,
10-Nov-15,612,,
11-Nov-15,602,,
12-Nov-15,585,,
13-Nov-15,556,,
16-Nov-15,550,,
17-Nov-15,556,,
18-Nov-15,553,,
19-Nov-15,545,,
20-Nov-15,550,,
23-Nov-15,558,,
24-Nov-15,545,,
25-Nov-15,547,,
26-Nov-15,556,,
27-Nov-15,564,,
30-Nov-15,552,,
1-Dec-15,554,,
2-Dec-15,545,,
3-Dec-15,530,,
4-Dec-15,544,,
7-Dec-15,565,,
8-Dec-15,560,,
9-Dec-15,555,,
10-Dec-15,560,,
11-Dec-15,550,,
14-Dec-15,552,,
15-Dec-15,560,,
16-Dec-15,570,,
17-Dec-15,564,,
18-Dec-15,555,,
21-Dec-15,565,,
22-Dec-15,563,,
23-Dec-15,565,,
24-Dec-15,560,,
29-Dec-15,560,,
30-Dec-15,560,,
31-Dec-15,555,,
4-Jan-16,548,,
5-Jan-16,546,,
6-Jan-16,535,,
7-Jan-16,502,,
8-Jan-16,506,,
11-Jan-16,492,,
12-Jan-16,466,,
13-Jan-16,487,,
14-Jan-16,491,,
15-Jan-16,491,,
18-Jan-16,494,,
19-Jan-16,505,,
20-Jan-16,491,,
21-Jan-16,496,,
22-Jan-16,503,,
25-Jan-16,497,,
26-Jan-16,495,,
27-Jan-16,496,,
28-Jan-16,506,,
29-Jan-16,498,,
1-Feb-16,503,,
2-Feb-16,502,,
3-Feb-16,502,,
4-Feb-16,511,,
5-Feb-16,520,,
8-Feb-16,506,,
9-Feb-16,515,,
10-Feb-16,516,,
11-Feb-16,528,,
12-Feb-16,525,,
15-Feb-16,523,,
16-Feb-16,512,,
17-Feb-16,513,,
18-Feb-16,515,,
19-Feb-16,505,,
22-Feb-16,505,,
23-Feb-16,500,,
24-Feb-16,500,,
25-Feb-16,497,,
26-Feb-16,486,,
29-Feb-16,494,,
1-Mar-16,509,,
2-Mar-16,522,,
3-Mar-16,522,,
4-Mar-16,547,,
7-Mar-16,563,,
8-Mar-16,573,,
9-Mar-16,556,,
10-Mar-16,568,,
11-Mar-16,573,,
14-Mar-16,575,,
15-Mar-16,566,,
16-Mar-16,568,,
17-Mar-16,590,,
18-Mar-16,596,,
21-Mar-16,589,,
22-Mar-16,603,,
23-Mar-16,594,,
24-Mar-16,582,,
29-Mar-16,572,,
30-Mar-16,583,,
31-Mar-16,570,,
1-Apr-16,576,,
4-Apr-16,565,,
5-Apr-16,554,,
6-Apr-16,554,,
7-Apr-16,543,,
8-Apr-16,547,,
11-Apr-16,550,,
12-Apr-16,557,,
13-Apr-16,552,,
14-Apr-16,544,,
15-Apr-16,564,,
18-Apr-16,568,,
19-Apr-16,575,,
20-Apr-16,585,,
21-Apr-16,600,,
22-Apr-16,611,,
25-Apr-16,606,,
26-Apr-16,607,,
27-Apr-16,610,,
28-Apr-16,617,,
29-Apr-16,634,,
3-May-16,628,,
4-May-16,608,,
5-May-16,608,,
6-May-16,606,,
9-May-16,603,,
10-May-16,594,,
11-May-16,605,,
12-May-16,611,,
13-May-16,603,,
16-May-16,600,,
17-May-16,597,,
18-May-16,585,,
19-May-16,580,,
20-May-16,568,,
23-May-16,557,,
24-May-16,550,,
25-May-16,540,,
26-May-16,550,,
27-May-16,552,,
31-May-16,549,,
1-Jun-16,545,,
2-Jun-16,549,,
3-Jun-16,545,,
6-Jun-16,559,,
7-Jun-16,562,,
8-Jun-16,563,,
9-Jun-16,558,,
10-Jun-16,558,,
13-Jun-16,551,,
14-Jun-16,544,,
15-Jun-16,543,,
16-Jun-16,538,,
17-Jun-16,544,,
20-Jun-16,545,,
21-Jun-16,550,,
22-Jun-16,557,,
23-Jun-16,562,,
24-Jun-16,555,,
27-Jun-16,560,,
28-Jun-16,566,,
29-Jun-16,578,,
30-Jun-16,593,,
1-Jul-16,598,,
4-Jul-16,610,,
5-Jul-16,605,,
6-Jul-16,603,,
7-Jul-16,611,,
8-Jul-16,608,,
11-Jul-16,621,,
12-Jul-16,629,,
13-Jul-16,642,,
14-Jul-16,650,,
15-Jul-16,654,,
18-Jul-16,640,,
19-Jul-16,647,,
20-Jul-16,657,,
21-Jul-16,677,,
22-Jul-16,683,,
25-Jul-16,682,,
26-Jul-16,689,,
27-Jul-16,691,,
28-Jul-16,709,,
29-Jul-16,701,,
1-Aug-16,718,,
2-Aug-16,719,,
3-Aug-16,714,,
4-Aug-16,710,,
5-Aug-16,710,,
8-Aug-16,698,,
9-Aug-16,692,,
10-Aug-16,734,,
11-Aug-16,727,,
12-Aug-16,696,,
15-Aug-16,694,,
16-Aug-16,698,,
17-Aug-16,702,,
18-Aug-16,702,,
19-Aug-16,709,,
22-Aug-16,709,,
23-Aug-16,697,,
24-Aug-16,703,,
25-Aug-16,692,,
26-Aug-16,698,,
30-Aug-16,700,,
31-Aug-16,689,,
1-Sep-16,675,,
2-Sep-16,673,,
5-Sep-16,681,,
6-Sep-16,688,,
7-Sep-16,703,,
8-Sep-16,699,,
9-Sep-16,689,,
12-Sep-16,673,,
13-Sep-16,668,,
14-Sep-16,665,,
15-Sep-16,658,,
16-Sep-16,659,,
19-Sep-16,679,,
20-Sep-16,691,,
21-Sep-16,691,,
22-Sep-16,691,,
23-Sep-16,696,,
26-Sep-16,695,,
27-Sep-16,702,,
28-Sep-16,705,,
29-Sep-16,716,,
30-Sep-16,718,,
3-Oct-16,725,,
4-Oct-16,714,,
5-Oct-16,697,,
6-Oct-16,679,,
7-Oct-16,671,,
10-Oct-16,677,,
11-Oct-16,669,,
12-Oct-16,654,,
13-Oct-16,646,,
14-Oct-16,641,,
17-Oct-16,650,,
18-Oct-16,647,,
19-Oct-16,645,,
20-Oct-16,640,,
21-Oct-16,629,,
24-Oct-16,634,,
25-Oct-16,642,,
26-Oct-16,643,,
27-Oct-16,629,,
28-Oct-16,616,,
31-Oct-16,625,,
1-Nov-16,625,,
2-Nov-16,639,,
3-Nov-16,634,,
4-Nov-16,627,,
7-Nov-16,630,,
8-Nov-16,657,,
9-Nov-16,665,,
10-Nov-16,693,,
11-Nov-16,687,,
14-Nov-16,671,,
15-Nov-16,705,,
16-Nov-16,706,,
17-Nov-16,725,,
18-Nov-16,723,,
21-Nov-16,736,,
22-Nov-16,746,,
23-Nov-16,748,,
24-Nov-16,741,,
25-Nov-16,733,,
28-Nov-16,755,,
29-Nov-16,761,,
30-Nov-16,775,,
1-Dec-16,778,,
2-Dec-16,755,,
5-Dec-16,735,,
6-Dec-16,751,,
7-Dec-16,734,,
8-Dec-16,740,,
9-Dec-16,747,,
12-Dec-16,736,,
13-Dec-16,731,,
14-Dec-16,733,,
15-Dec-16,730,,
16-Dec-16,697,,
19-Dec-16,695,,
20-Dec-16,676,,
21-Dec-16,668,,
22-Dec-16,660,,
23-Dec-16,664,,
28-Dec-16,680,,
29-Dec-16,675,,
30-Dec-16,677,,
3-Jan-17,689,,
4-Jan-17,726,,
5-Jan-17,741,,
6-Jan-17,750,,
9-Jan-17,765,,
10-Jan-17,765,,
11-Jan-17,770,,
12-Jan-17,762,,
13-Jan-17,761,,
16-Jan-17,754,,
17-Jan-17,753,,
18-Jan-17,752,,
19-Jan-17,755,,
20-Jan-17,759,,
23-Jan-17,794,,
24-Jan-17,781,,
25-Jan-17,784,,
26-Jan-17,745,,
27-Jan-17,720,,
30-Jan-17,735,,
31-Jan-17,751,,
1-Feb-17,764,,
2-Feb-17,770,,
3-Feb-17,755,,
6-Feb-17,769,,
7-Feb-17,767,,
8-Feb-17,772,,
9-Feb-17,778,,
10-Feb-17,779,,
13-Feb-17,782,,
14-Feb-17,783,,
15-Feb-17,785,,
16-Feb-17,797,,
17-Feb-17,796,,
20-Feb-17,780,,
21-Feb-17,772,,
22-Feb-17,785,,
23-Feb-17,773,,
24-Feb-17,782,,
27-Feb-17,778,,
28-Feb-17,786,,
1-Mar-17,782,,
2-Mar-17,779,,
3-Mar-17,772,,
6-Mar-17,777,,
7-Mar-17,775,,
8-Mar-17,771,,
9-Mar-17,765,,
10-Mar-17,751,,
13-Mar-17,755,,
14-Mar-17,756,,
15-Mar-17,755,,
16-Mar-17,770,,
17-Mar-17,772,,
20-Mar-17,779,,
21-Mar-17,788,,
22-Mar-17,791,,
23-Mar-17,798,,
24-Mar-17,807,,
27-Mar-17,811,,
28-Mar-17,796,,
29-Mar-17,796,,
30-Mar-17,793,,
31-Mar-17,800,,
3-Apr-17,802,,
4-Apr-17,809,,
5-Apr-17,813,,
6-Apr-17,812,,
7-Apr-17,811,,
10-Apr-17,802,,
11-Apr-17,797,,
12-Apr-17,806,,
13-Apr-17,810,,
18-Apr-17,794,,
19-Apr-17,781,,
20-Apr-17,791,,
21-Apr-17,806,,
24-Apr-17,806,,
25-Apr-17,796,,
26-Apr-17,805,,
27-Apr-17,810,,
28-Apr-17,823,,
2-May-17,817,,
3-May-17,825,,
4-May-17,807,,
5-May-17,810,,
8-May-17,819,,
9-May-17,815,,
10-May-17,801,,
11-May-17,806,,
12-May-17,812,,
15-May-17,817,,
16-May-17,807,,
17-May-17,795,,
18-May-17,785,,
19-May-17,770,,
22-May-17,764,,
23-May-17,772,,
24-May-17,778,,
25-May-17,774,,
26-May-17,778,,
30-May-17,799,,
31-May-17,814,,
1-Jun-17,818,,
2-Jun-17,834,,
5-Jun-17,848,,
6-Jun-17,850,,
7-Jun-17,860,,
8-Jun-17,846,,
9-Jun-17,864,,
12-Jun-17,907,,
13-Jun-17,908,,
14-Jun-17,883,,
15-Jun-17,864,,
16-Jun-17,878,,
19-Jun-17,875,,
20-Jun-17,870,,
21-Jun-17,873,,
22-Jun-17,889,,
23-Jun-17,899,,
26-Jun-17,867,,
27-Jun-17,878,,
28-Jun-17,865,,
29-Jun-17,867,,
30-Jun-17,853,,
3-Jul-17,853,,
4-Jul-17,864,,
5-Jul-17,863,,
6-Jul-17,848,,
7-Jul-17,843,,
10-Jul-17,841,,
11-Jul-17,849,,
12-Jul-17,860,,
13-Jul-17,870,,
14-Jul-17,863,,
17-Jul-17,863,,
18-Jul-17,869,,
19-Jul-17,868,,
20-Jul-17,862,,
21-Jul-17,852,,
24-Jul-17,847,,
25-Jul-17,864,,
26-Jul-17,867,,
27-Jul-17,885,,
28-Jul-17,884,,
31-Jul-17,895,,
1-Aug-17,894,,
2-Aug-17,900,,
3-Aug-17,896,,
4-Aug-17,890,,
7-Aug-17,882,,
8-Aug-17,896,,
9-Aug-17,897,,
10-Aug-17,898,,
11-Aug-17,904,,
14-Aug-17,899,,
15-Aug-17,901,,
16-Aug-17,900,,
17-Aug-17,929,,
18-Aug-17,936,,
21-Aug-17,935,,
22-Aug-17,942,,
23-Aug-17,935,,
24-Aug-17,935,,
25-Aug-17,941,,
29-Aug-17,952,,
30-Aug-17,952,,
31-Aug-17,940,,
1-Sep-17,942,,
4-Sep-17,996,,
5-Sep-17,983,,
6-Sep-17,971,,
7-Sep-17,952,,
8-Sep-17,960,,
11-Sep-17,957,,
12-Sep-17,945,,
13-Sep-17,956,,
14-Sep-17,946,,
15-Sep-17,933,,
18-Sep-17,941,,
19-Sep-17,934,,
20-Sep-17,915,,
21-Sep-17,916,,
22-Sep-17,920,,
25-Sep-17,927,,
26-Sep-17,918,,
27-Sep-17,921,,
28-Sep-17,936,,
29-Sep-17,942,,
2-Oct-17,939,,
3-Oct-17,918,,
4-Oct-17,924,,
5-Oct-17,930,,
6-Oct-17,947,,
9-Oct-17,931,,
10-Oct-17,936,,
11-Oct-17,944,,
12-Oct-17,966,,
13-Oct-17,984,,
16-Oct-17,1013,,
17-Oct-17,989,,
18-Oct-17,989,,
19-Oct-17,966,,
20-Oct-17,971,,
23-Oct-17,970,,
24-Oct-17,965,,
25-Oct-17,962,,
26-Oct-17,972,,
27-Oct-17,969,,
30-Oct-17,980,,
31-Oct-17,979,,
1-Nov-17,1000,,
2-Nov-17,1000,,
3-Nov-17,1002,,
6-Nov-17,1009,,
7-Nov-17,1003,,
8-Nov-17,1005,,
9-Nov-17,1026,,
10-Nov-17,1017,,
13-Nov-17,1000,,
14-Nov-17,997,,
15-Nov-17,987,,
16-Nov-17,992,,
17-Nov-17,999,,
20-Nov-17,1002,,
21-Nov-17,998,,
22-Nov-17,1009,,
23-Nov-17,1009,,
24-Nov-17,1017,,
27-Nov-17,1002,,
28-Nov-17,1006,,
29-Nov-17,1030,,
30-Nov-17,1020,,
1-Dec-17,1018,,
4-Dec-17,1026,,
5-Dec-17,1004,,
6-Dec-17,996,,
7-Dec-17,1008,,
8-Dec-17,1024,,
11-Dec-17,1021,,
12-Dec-17,1014,,
13-Dec-17,1020,,
14-Dec-17,1025,,
15-Dec-17,1041,,
18-Dec-17,1030,,
19-Dec-17,1026,,
20-Dec-17,1037,,
21-Dec-17,1036,,
22-Dec-17,1046,,
27-Dec-17,1071,,
28-Dec-17,1065,,
29-Dec-17,1070,,
2-Jan-18,1077,,
3-Jan-18,1095,,
4-Jan-18,1104,,
5-Jan-18,1104,,
8-Jan-18,1104,,
9-Jan-18,1110,,
10-Jan-18,1104,,
11-Jan-18,1093,,
12-Jan-18,1094,,
15-Jan-18,1139,,
16-Jan-18,1123,,
17-Jan-18,1110,,
18-Jan-18,1113,,
19-Jan-18,1118,,
22-Jan-18,1111,,
23-Jan-18,1095,,
24-Jan-18,1106,,
25-Jan-18,1113,,
26-Jan-18,1106,,
29-Jan-18,1095,,
30-Jan-18,1088,,
31-Jan-18,1066,,
1-Feb-18,1027,,
2-Feb-18,1047,,
5-Feb-18,1038,,
6-Feb-18,1033,,
7-Feb-18,1014,,
8-Feb-18,991,,
9-Feb-18,968,,
12-Feb-18,992,,
13-Feb-18,989,,
14-Feb-18,994,,
15-Feb-18,1026,,
16-Feb-18,1032,,
19-Feb-18,1056,,
20-Feb-18,1035,,
21-Feb-18,1032,,
22-Feb-18,1034,,
23-Feb-18,1048,,
26-Feb-18,1067,,
27-Feb-18,1068,,
28-Feb-18,1050,,
1-Mar-18,1034,,
2-Mar-18,999,,
5-Mar-18,996,,
6-Mar-18,989,,
7-Mar-18,984,,
8-Mar-18,975,,
9-Mar-18,980,,
12-Mar-18,993,,
13-Mar-18,985,,
14-Mar-18,1006,,
15-Mar-18,996,,
16-Mar-18,990,,
19-Mar-18,1001,,
20-Mar-18,1000,,
21-Mar-18,994,,
22-Mar-18,996,,
23-Mar-18,990,,
26-Mar-18,985,,
27-Mar-18,986,,
28-Mar-18,981,,
29-Mar-18,977,,
3-Apr-18,944,,
4-Apr-18,936,,
5-Apr-18,935,,
6-Apr-18,910,,
9-Apr-18,921,,
10-Apr-18,941,,
11-Apr-18,962,,
12-Apr-18,964,,
13-Apr-18,986,,
16-Apr-18,995,,
17-Apr-18,1006,,
18-Apr-18,1025,,
19-Apr-18,1061,,
20-Apr-18,1025,,
23-Apr-18,1038,,
24-Apr-18,974,,
25-Apr-18,977,,
26-Apr-18,979,,
27-Apr-18,991,,
30-Apr-18,976,,
1-May-18,965,,
2-May-18,962,,
3-May-18,979,,
4-May-18,971,,
8-May-18,979,,
9-May-18,981,,
10-May-18,984,,
11-May-18,1006,,
14-May-18,1002,,
15-May-18,985,,
16-May-18,991,,
17-May-18,991,,
18-May-18,990,,
21-May-18,976,,
22-May-18,1004,,
23-May-18,994,,
24-May-18,986,,
25-May-18,986,,
29-May-18,985,,
30-May-18,985,,
31-May-18,993,,
1-Jun-18,996,,
4-Jun-18,1016,,
5-Jun-18,998,,
6-Jun-18,1002,,
7-Jun-18,1025,,
8-Jun-18,1020,,
11-Jun-18,1020,,
12-Jun-18,1026,,
13-Jun-18,1024,,
14-Jun-18,1020,,
15-Jun-18,1014,,
18-Jun-18,995,,
19-Jun-18,987,,
20-Jun-18,979,,
21-Jun-18,969,,
22-Jun-18,963,,
25-Jun-18,962,,
26-Jun-18,947,,
27-Jun-18,957,,
28-Jun-18,955,,
29-Jun-18,956,,
2-Jul-18,955,,
3-Jul-18,953,,
4-Jul-18,953,,
5-Jul-18,953,,
6-Jul-18,948,,
9-Jul-18,966,,
10-Jul-18,958,,
11-Jul-18,946,,
12-Jul-18,949,,
13-Jul-18,948,,
16-Jul-18,947,,
17-Jul-18,928,,
18-Jul-18,914,,
19-Jul-18,908,,
20-Jul-18,898,,
23-Jul-18,894,,
24-Jul-18,923,,
25-Jul-18,922,,
26-Jul-18,942,,
27-Jul-18,937,,
30-Jul-18,933,,
31-Jul-18,933,,
1-Aug-18,934,,
2-Aug-18,926,,
3-Aug-18,921,,
6-Aug-18,921,,
7-Aug-18,916,,
8-Aug-18,910,,
9-Aug-18,904,,
10-Aug-18,907,,
13-Aug-18,906,,
14-Aug-18,901,,
15-Aug-18,895,,
16-Aug-18,864,,
17-Aug-18,910,,
20-Aug-18,929,,
21-Aug-18,927,,
22-Aug-18,920,,
23-Aug-18,924,,
24-Aug-18,933,,
28-Aug-18,956,,
29-Aug-18,950,,
30-Aug-18,975,,
31-Aug-18,986,,
3-Sep-18,995,,
4-Sep-18,976,,
5-Sep-18,988,,
6-Sep-18,982,,
7-Sep-18,984,,
10-Sep-18,990,,
11-Sep-18,988,,
12-Sep-18,982,,
13-Sep-18,983,,
14-Sep-18,990,,
17-Sep-18,987,,
18-Sep-18,999,,
19-Sep-18,1020,,
20-Sep-18,1050,,
21-Sep-18,1063,,
24-Sep-18,1060,,
25-Sep-18,1062,,
26-Sep-18,1064,,
27-Sep-18,1081,,
28-Sep-18,1095,,
1-Oct-18,1076,,
2-Oct-18,1062,,
3-Oct-18,1060,,
4-Oct-18,1062,,
5-Oct-18,1063,,
8-Oct-18,1066,,
9-Oct-18,1084,,
10-Oct-18,1082,,
11-Oct-18,1078,,
12-Oct-18,1093,,
15-Oct-18,1082,,
16-Oct-18,1092,,
17-Oct-18,1083,,
18-Oct-18,1080,,
19-Oct-18,1092,,
22-Oct-18,1095,,
23-Oct-18,1145,,
24-Oct-18,1150,,
25-Oct-18,1122,,
26-Oct-18,1108,,
29-Oct-18,1111,,
30-Oct-18,1097,,
31-Oct-18,1084,,
1-Nov-18,1092,,
2-Nov-18,1111,,
5-Nov-18,1129,,
6-Nov-18,1141,,
7-Nov-18,1129,,
8-Nov-18,1132,,
9-Nov-18,1131,,
12-Nov-18,1112,,
13-Nov-18,1112,,
14-Nov-18,1114,,
15-Nov-18,1139,,
16-Nov-18,1171,,
19-Nov-18,1190,,
20-Nov-18,1176,,
21-Nov-18,1162,,
22-Nov-18,1160,,
23-Nov-18,1153,,
26-Nov-18,1147,,
27-Nov-18,1147,,
28-Nov-18,1165,,
29-Nov-18,1187,,
30-Nov-18,1197,,
3-Dec-18,1205,,
4-Dec-18,1234,,
5-Dec-18,1262,,
6-Dec-18,1233,,
7-Dec-18,1218,,
10-Dec-18,1230,,
11-Dec-18,1247,,
12-Dec-18,1265,,
13-Dec-18,1280,,
14-Dec-18,1252,,
17-Dec-18,1255,,
18-Dec-18,1265,,
19-Dec-18,1260,,
20-Dec-18,1278,,
21-Dec-18,1265,,
24-Dec-18,1247,,
27-Dec-18,1262,,
28-Dec-18,1274,,
31-Dec-18,1264,,
2-Jan-19,1267,,
3-Jan-19,1268,,
4-Jan-19,1275,,
7-Jan-19,1314,,
8-Jan-19,1315,,
9-Jan-19,1340,,
10-Jan-19,1329,,
11-Jan-19,1330,,
14-Jan-19,1320,,
15-Jan-19,1338,,
16-Jan-19,1336,,
17-Jan-19,1391,,
18-Jan-19,1427,,
21-Jan-19,1404,,
22-Jan-19,1355,,
23-Jan-19,1364,,
24-Jan-19,1361,,
25-Jan-19,1330,,
28-Jan-19,1358,,
29-Jan-19,1344,,
30-Jan-19,1350,,
31-Jan-19,1370,,
1-Feb-19,1356,,
4-Feb-19,1360,,
5-Feb-19,1379,,
6-Feb-19,1382,,
7-Feb-19,1377,,
8-Feb-19,1403,,
11-Feb-19,1386,,
12-Feb-19,1398,,
13-Feb-19,1416,,
14-Feb-19,1416,,
15-Feb-19,1422,,
18-Feb-19,1451,,
19-Feb-19,1494,,
20-Feb-19,1500,,
21-Feb-19,1485,,
22-Feb-19,1492,,
25-Feb-19,1520,,
26-Feb-19,1547,,
27-Feb-19,1558,,
28-Feb-19,1554,,
1-Mar-19,1542,,
4-Mar-19,1554,,
5-Mar-19,1518,,
6-Mar-19,1519,,
7-Mar-19,1553,,
8-Mar-19,1528,,
11-Mar-19,1524,,
12-Mar-19,1550,,
13-Mar-19,1550,,
14-Mar-19,1554,,
15-Mar-19,1565,,
18-Mar-19,1566,,
19-Mar-19,1605,,
20-Mar-19,1604,,
21-Mar-19,1614,,
22-Mar-19,1593,,
25-Mar-19,1550,,
26-Mar-19,1565,,
27-Mar-19,1525,,
28-Mar-19,1430,,
29-Mar-19,1400,,
1-Apr-19,1393,,
2-Apr-19,1422,,
3-Apr-19,1453,,
4-Apr-19,1417,,
5-Apr-19,1375,,
8-Apr-19,1393,,
9-Apr-19,1398,,
10-Apr-19,1395,,
11-Apr-19,1388,,
12-Apr-19,1380,,
15-Apr-19,1376,,
16-Apr-19,1372,,
17-Apr-19,1373,,
18-Apr-19,1395,,
23-Apr-19,1385,,
24-Apr-19,1398,,
25-Apr-19,1430,,
26-Apr-19,1423,,
29-Apr-19,1466,,
30-Apr-19,1376,,
1-May-19,1381,,
2-May-19,1355,,
3-May-19,1363,,
7-May-19,1357,,
8-May-19,1330,,
9-May-19,1315,,
10-May-19,1315,,
13-May-19,1341,,
14-May-19,1336,,
15-May-19,1336,,
16-May-19,1349,,
17-May-19,1329,,
20-May-19,1330,,
21-May-19,1343,,
22-May-19,1325,,
23-May-19,1318,,
24-May-19,1339,,
28-May-19,1350,,
29-May-19,1353,,
30-May-19,1346,,
31-May-19,1374,,
3-Jun-19,1348,,
4-Jun-19,1333,,
5-Jun-19,1356,,
6-Jun-19,1348,,
7-Jun-19,1363,,
10-Jun-19,1360,,
11-Jun-19,1388,,
12-Jun-19,1399,,
13-Jun-19,1424,,
14-Jun-19,1460,,
17-Jun-19,1470,,
18-Jun-19,1488,,
19-Jun-19,1503,,
20-Jun-19,1527,,
21-Jun-19,1489,,
24-Jun-19,1522,,
25-Jun-19,1542,,
26-Jun-19,1535,,
27-Jun-19,1531,,
28-Jun-19,1547,,
1-Jul-19,1549,,
2-Jul-19,1562,,
3-Jul-19,1564,,
4-Jul-19,1570,,
5-Jul-19,1573,,
8-Jul-19,1576,,
9-Jul-19,1549,,
10-Jul-19,1556,,
11-Jul-19,1606,,
12-Jul-19,1563,,
15-Jul-19,1570,,
16-Jul-19,1562,,
17-Jul-19,1529,,
18-Jul-19,1547,,
19-Jul-19,1529,,
22-Jul-19,1515,,
23-Jul-19,1526,,
24-Jul-19,1536,,
25-Jul-19,1546,,
26-Jul-19,1539,,
29-Jul-19,1540,,
30-Jul-19,1553,,
31-Jul-19,1535,,
1-Aug-19,1517,,
2-Aug-19,1436,,
5-Aug-19,1427,,
6-Aug-19,1441,,
7-Aug-19,1449,,
8-Aug-19,1425,,
9-Aug-19,1434,,
12-Aug-19,1437,,
13-Aug-19,1446,,
14-Aug-19,1456,,
15-Aug-19,1442,,
16-Aug-19,1460,,
19-Aug-19,1464,,
20-Aug-19,1489,,
21-Aug-19,1499,,
22-Aug-19,1473,,
23-Aug-19,1498,,
27-Aug-19,1484,,
28-Aug-19,1488,,
29-Aug-19,1490,,
30-Aug-19,1495,,
2-Sep-19,1547,,
3-Sep-19,1545,,
4-Sep-19,1552,,
5-Sep-19,1566,,
6-Sep-19,1558,,
9-Sep-19,1552,,
10-Sep-19,1550,,
11-Sep-19,1572,,
12-Sep-19,1604,,
13-Sep-19,1615,,
16-Sep-19,1633,,
17-Sep-19,1607,,
18-Sep-19,1603,,
19-Sep-19,1602,,
20-Sep-19,1650,,
23-Sep-19,1665,,
24-Sep-19,1665,,
25-Sep-19,1680,,
26-Sep-19,1657,,
27-Sep-19,1665,,
30-Sep-19,1704,,
1-Oct-19,1675,,
2-Oct-19,1648,,
3-Oct-19,1698,,
4-Oct-19,1666,,
7-Oct-19,1666,,
8-Oct-19,1660,,
9-Oct-19,1674,,
10-Oct-19,1690,,
11-Oct-19,1706,,
14-Oct-19,1710,,
15-Oct-19,1727,,
16-Oct-19,1744,,
17-Oct-19,1787,,
18-Oct-19,1768,,
21-Oct-19,1774,,
22-Oct-19,1766,,
23-Oct-19,1764,,
24-Oct-19,1757,,
25-Oct-19,1785,,
28-Oct-19,1788,,
29-Oct-19,1805,,
30-Oct-19,1800,,
31-Oct-19,1818,,
1-Nov-19,1800,,
4-Nov-19,1823,,
5-Nov-19,1787,,
6-Nov-19,1783,,
7-Nov-19,1810,,
8-Nov-19,1802,,
11-Nov-19,1754,,
12-Nov-19,1703,,
13-Nov-19,1734,,
14-Nov-19,1738,,
15-Nov-19,1741,,
18-Nov-19,1721,,
19-Nov-19,1726,,
20-Nov-19,1775,,
21-Nov-19,1768,,
22-Nov-19,1773,,
25-Nov-19,1794,,
26-Nov-19,1818,,
27-Nov-19,1813,,
28-Nov-19,1839,,
29-Nov-19,1848,,
2-Dec-19,1848,,
3-Dec-19,1866,,
4-Dec-19,1871,,
5-Dec-19,1871,,
6-Dec-19,1877,,
9-Dec-19,1884,,
10-Dec-19,1898,,
11-Dec-19,1907,,
12-Dec-19,1930,,
13-Dec-19,1987,,
16-Dec-19,1969,,
17-Dec-19,2003,,
18-Dec-19,1962,,
19-Dec-19,1936,,
20-Dec-19,1953,,
23-Dec-19,1884,,
24-Dec-19,1885,,
27-Dec-19,1917,,
30-Dec-19,1915,,
31-Dec-19,1926,,
2-Jan-20,1962,,
3-Jan-20,1975,,
6-Jan-20,2024,,
7-Jan-20,2034,,
8-Jan-20,2087,,
9-Jan-20,2110,,
10-Jan-20,2133,,
13-Jan-20,2125,,
14-Jan-20,2153,,
15-Jan-20,2226,,
16-Jan-20,2330,,
17-Jan-20,2390,,
20-Jan-20,2580,,
21-Jan-20,2507,,
22-Jan-20,2480,,
23-Jan-20,2505,,
24-Jan-20,2487,,
27-Jan-20,2391,,
28-Jan-20,2330,,
29-Jan-20,2330,,
30-Jan-20,2301,,
31-Jan-20,2328,,
3-Feb-20,2285,,
4-Feb-20,2428,,
5-Feb-20,2500,,
6-Feb-20,2447,,
7-Feb-20,2356,,
10-Feb-20,2370,,
11-Feb-20,2365,,
12-Feb-20,2347,,
13-Feb-20,2410,,
14-Feb-20,2456,,
17-Feb-20,2460,,
18-Feb-20,2540,,
19-Feb-20,2835,,
20-Feb-20,2730,,
21-Feb-20,2718,,
24-Feb-20,2725,,
25-Feb-20,2722,,
26-Feb-20,2762,,
27-Feb-20,2840,,
28-Feb-20,2805,,
2-Mar-20,2695,,
3-Mar-20,2582,,
4-Mar-20,2480,,
5-Mar-20,2530,,
6-Mar-20,2535,,
9-Mar-20,2420,,
10-Mar-20,2530,,
11-Mar-20,2395,,
12-Mar-20,2277,,
13-Mar-20,2010,,
16-Mar-20,1832,,
17-Mar-20,1615,,
18-Mar-20,1630,,
19-Mar-20,1613,,
20-Mar-20,1720,,
23-Mar-20,1660,,
24-Mar-20,1875,,
25-Mar-20,2050,,
26-Mar-20,2330,,
27-Mar-20,2405,,
30-Mar-20,2278,,
31-Mar-20,2310,,
1-Apr-20,2330,,
2-Apr-20,2352,,
3-Apr-20,2260,,
6-Apr-20,2252,,
7-Apr-20,2210,,
8-Apr-20,2238,,
9-Apr-20,2218,,
14-Apr-20,2274,,
15-Apr-20,2260,,
16-Apr-20,2247,,
17-Apr-20,2207,,
20-Apr-20,2235,,
21-Apr-20,2180,,
22-Apr-20,1990,,
23-Apr-20,1998,,
24-Apr-20,2038,,
27-Apr-20,2050,,
28-Apr-20,1987,,
29-Apr-20,2011,,
30-Apr-20,2033,,
1-May-20,1950,,
4-May-20,1942,,
5-May-20,1875,,
6-May-20,1840,,
7-May-20,1860,,
11-May-20,1960,,
12-May-20,1895,,
13-May-20,1885,,
14-May-20,1862,,
15-May-20,1863,,
18-May-20,2020,,
19-May-20,2060,,
20-May-20,2080,,
21-May-20,2115,,
22-May-20,2044,,
26-May-20,2060,,
27-May-20,2012,,
28-May-20,2010,,
29-May-20,1960,,
1-Jun-20,1995,,
2-Jun-20,1987,,
3-Jun-20,1990,,
4-Jun-20,1968,,
5-Jun-20,1964,,
8-Jun-20,1959,,
9-Jun-20,2016,,
10-Jun-20,1985,,
11-Jun-20,1958,,
12-Jun-20,1962,,
15-Jun-20,1946,,
16-Jun-20,1990,,
17-Jun-20,1960,,
18-Jun-20,1973,,
19-Jun-20,1946,,
22-Jun-20,1943,,
23-Jun-20,1970,,
24-Jun-20,1946,,
25-Jun-20,1902,,
26-Jun-20,1893,,
29-Jun-20,1912,,
30-Jun-20,1931,,
1-Jul-20,1968,,
2-Jul-20,1955,,
3-Jul-20,1925,,
6-Jul-20,1960,,
7-Jul-20,1946,,
8-Jul-20,1953,,
9-Jul-20,1974,,
10-Jul-20,1970,,
13-Jul-20,2015,,
14-Jul-20,2000,,
15-Jul-20,1997,,
16-Jul-20,2007,,
17-Jul-20,1994,,
20-Jul-20,2048,,
21-Jul-20,2097,,
22-Jul-20,2176,,
23-Jul-20,2192,,
24-Jul-20,2149,,
27-Jul-20,2260,,
28-Jul-20,2316,,
29-Jul-20,2292,,
30-Jul-20,2146,,
31-Jul-20,2138,,
3-Aug-20,2118,,
4-Aug-20,2128,,
5-Aug-20,2204,,
6-Aug-20,2214,,
7-Aug-20,2221,,
10-Aug-20,2222,,
11-Aug-20,2231,,
12-Aug-20,2220,,
13-Aug-20,2160,,
14-Aug-20,2178,,
17-Aug-20,2185,,
18-Aug-20,2238,,
19-Aug-20,2195,,
20-Aug-20,2188,,
21-Aug-20,2205,,
24-Aug-20,2194,,
25-Aug-20,2193,,
26-Aug-20,2195,,
27-Aug-20,2214,,
28-Aug-20,2214,,
1-Sep-20,2318,,
2-Sep-20,2286,,
3-Sep-20,2300,,
4-Sep-20,2310,,
7-Sep-20,2340,,
8-Sep-20,2334,,
9-Sep-20,2314,,
10-Sep-20,2320,,
11-Sep-20,2310,,
14-Sep-20,2340,,
15-Sep-20,2347,,
16-Sep-20,2424,,
17-Sep-20,2390,,
18-Sep-20,2358,,
21-Sep-20,2395,,
22-Sep-20,2282,,
23-Sep-20,2215,,
24-Sep-20,2240,,
25-Sep-20,2250,,
28-Sep-20,2240,,
29-Sep-20,2298,,
30-Sep-20,2338,,
1-Oct-20,2345,,
2-Oct-20,2330,,
5-Oct-20,2322,,
6-Oct-20,2385,,
7-Oct-20,2380,,
8-Oct-20,2388,,
9-Oct-20,2424,,
12-Oct-20,2466,,
13-Oct-20,2437,,
14-Oct-20,2380,,
15-Oct-20,2375,,
16-Oct-20,2372,,
19-Oct-20,2370,,
20-Oct-20,2368,,
21-Oct-20,2430,,
22-Oct-20,2426,,
23-Oct-20,2410,,
26-Oct-20,2376,,
27-Oct-20,2392,,
28-Oct-20,2353,,
29-Oct-20,2255,,
30-Oct-20,2232,,
2-Nov-20,2256,,
3-Nov-20,2265,,
4-Nov-20,2273,,
5-Nov-20,2352,,
6-Nov-20,2418,,
9-Nov-20,2484,,
10-Nov-20,2512,,
11-Nov-20,2480,,
12-Nov-20,2360,,
13-Nov-20,2370,,
16-Nov-20,2365,,
17-Nov-20,2342,,
18-Nov-20,2352,,
19-Nov-20,2325,,
20-Nov-20,2350,,
23-Nov-20,2350,,
24-Nov-20,2353,,
25-Nov-20,2353,,
26-Nov-20,2383,,
27-Nov-20,2414,,
30-Nov-20,2413,,
1-Dec-20,2420,,
2-Dec-20,2438,,
3-Dec-20,2432,,
4-Dec-20,2360,,
7-Dec-20,2362,,
8-Dec-20,2353,,
9-Dec-20,2337,,
10-Dec-20,2303,,
11-Dec-20,2357,,
14-Dec-20,2350,,
15-Dec-20,2336,,
16-Dec-20,2351,,
17-Dec-20,2372,,
18-Dec-20,2357,,
21-Dec-20,2350,,
22-Dec-20,2335,,
23-Dec-20,2344,,
24-Dec-20,2350,,
29-Dec-20,2383,,
30-Dec-20,2362,,
31-Dec-20,2380,,
4-Jan-21,2481,,
5-Jan-21,2400,,
6-Jan-21,2483,,
7-Jan-21,2455,,
8-Jan-21,2420,,
11-Jan-21,2383,,
12-Jan-21,2386,,
13-Jan-21,2416,,
14-Jan-21,2408,,
15-Jan-21,2405,,
18-Jan-21,2396,,
19-Jan-21,2398,,
20-Jan-21,2394,,
21-Jan-21,2400,,
22-Jan-21,2378,,
25-Jan-21,2375,,
26-Jan-21,2350,,
27-Jan-21,2338,,
28-Jan-21,2318,,
29-Jan-21,2358,,
1-Feb-21,2290,,
2-Feb-21,2280,,
3-Feb-21,2265,,
4-Feb-21,2284,,
5-Feb-21,2330,,
8-Feb-21,2355,,
9-Feb-21,2370,,
10-Feb-21,2360,,
11-Feb-21,2390,,
12-Feb-21,2370,,
15-Feb-21,2428,,
16-Feb-21,2418,,
17-Feb-21,2398,,
18-Feb-21,2395,,
19-Feb-21,2370,,
22-Feb-21,2410,,
23-Feb-21,2425,,
24-Feb-21,2395,,
25-Feb-21,2450,,
26-Feb-21,2430,,
1-Mar-21,2380,,
2-Mar-21,2397,,
3-Mar-21,2392,,
4-Mar-21,2391,,
5-Mar-21,2370,,
8-Mar-21,2376,,
9-Mar-21,2354,,
10-Mar-21,2332,,
11-Mar-21,2350,,
12-Mar-21,2360,,
15-Mar-21,2398,,
16-Mar-21,2413,,
17-Mar-21,2516,,
18-Mar-21,2626,,
19-Mar-21,2708,,
22-Mar-21,2604,,
23-Mar-21,2612,,
24-Mar-21,2630,,
25-Mar-21,2662,,
26-Mar-21,2665,,
29-Mar-21,2628,,
30-Mar-21,2575,,
31-Mar-21,2645,,
1-Apr-21,2644,,
6-Apr-21,2700,,
7-Apr-21,2678,,
8-Apr-21,2646,,
9-Apr-21,2638,,
12-Apr-21,2650,,
13-Apr-21,2713,,
14-Apr-21,2706,,
15-Apr-21,2738,,
16-Apr-21,2763,,
19-Apr-21,2810,,
20-Apr-21,2820,,
21-Apr-21,2800,,
22-Apr-21,2866,,
23-Apr-21,2856,,
26-Apr-21,2914,,
27-Apr-21,2950,,
28-Apr-21,2946,,
29-Apr-21,2964,,
30-Apr-21,2990,,
4-May-21,3005,,
5-May-21,3016,,
6-May-21,2992,,
7-May-21,2961,,
10-May-21,2962,,
11-May-21,2980,,
12-May-21,2956,,
13-May-21,2880,,
14-May-21,2935,,
17-May-21,2916,,
18-May-21,2935,,
19-May-21,2902,,
20-May-21,2895,,
21-May-21,2837,,
24-May-21,2810,,
25-May-21,2771,,
26-May-21,2813,,
27-May-21,2790,,
28-May-21,2832,,
1-Jun-21,2870,,
2-Jun-21,2860,,
3-Jun-21,2853,,
4-Jun-21,2845,,
7-Jun-21,2855,,
8-Jun-21,2835,,
9-Jun-21,2810,,
10-Jun-21,2782,,
11-Jun-21,2797,,
14-Jun-21,2775,,
15-Jun-21,2760,,
16-Jun-21,2770,,
17-Jun-21,2773,,
18-Jun-21,2604,,
21-Jun-21,2505,,
22-Jun-21,2618,,
23-Jun-21,2611,,
24-Jun-21,2625,,
25-Jun-21,2668,,
28-Jun-21,2660,,
29-Jun-21,2686,,
30-Jun-21,2685,,
1-Jul-21,2774,,
2-Jul-21,2798,,
5-Jul-21,2813,,
6-Jul-21,2842,,
7-Jul-21,2847,,
8-Jul-21,2847,,
9-Jul-21,2830,,
12-Jul-21,2818,,
13-Jul-21,2852,,
14-Jul-21,2842,,
15-Jul-21,2823,,
16-Jul-21,2733,,
19-Jul-21,2640,,
20-Jul-21,2623,,
21-Jul-21,2670,,
22-Jul-21,2679,,
23-Jul-21,2745,,
26-Jul-21,2674,,
27-Jul-21,2645,,
28-Jul-21,2630,,
29-Jul-21,2660,,
30-Jul-21,2666,,
2-Aug-21,2690,,
3-Aug-21,2688,,
4-Aug-21,2673,,
5-Aug-21,2666,,
6-Aug-21,2665,,
9-Aug-21,2637,,
10-Aug-21,2629,,
11-Aug-21,2653,,
12-Aug-21,2647,,
13-Aug-21,2633,,
16-Aug-21,2636,,
17-Aug-21,2606,,
18-Aug-21,2541,,
19-Aug-21,2418,,
20-Aug-21,2333,,
23-Aug-21,2325,,
24-Aug-21,2435,,
25-Aug-21,2446,,
26-Aug-21,2412,,
27-Aug-21,2440,,
31-Aug-21,2514,,
1-Sep-21,2504,,
2-Sep-21,2440,,
3-Sep-21,2430,,
6-Sep-21,2450,,
7-Sep-21,2410,,
8-Sep-21,2378,,
9-Sep-21,2279,,
10-Sep-21,2211,,
13-Sep-21,2152,,
14-Sep-21,2080,,
15-Sep-21,1972,,
16-Sep-21,2040,,
17-Sep-21,2035,,
20-Sep-21,1985,,
21-Sep-21,1916,,
22-Sep-21,1966,,
23-Sep-21,2068,,
24-Sep-21,2013,,
27-Sep-21,1995,,
28-Sep-21,1960,,
29-Sep-21,1914,,
30-Sep-21,1898,,
1-Oct-21,1904,,
4-Oct-21,1919,,
5-Oct-21,1927,,
6-Oct-21,1908,,
7-Oct-21,1916,,
8-Oct-21,2013,,
11-Oct-21,2183,,
12-Oct-21,2115,,
13-Oct-21,2088,,
14-Oct-21,2162,,
15-Oct-21,2135,,
18-Oct-21,2072,,
19-Oct-21,2110,,
20-Oct-21,2115,,
21-Oct-21,2075,,
22-Oct-21,2042,,
25-Oct-21,2045,,
26-Oct-21,2059,,
27-Oct-21,1988,,
28-Oct-21,2000,,
29-Oct-21,2010,,
1-Nov-21,1996,,
2-Nov-21,2053,,
3-Nov-21,2035,,
4-Nov-21,2066,,
5-Nov-21,2042,,
8-Nov-21,2055,,
9-Nov-21,2090,,
10-Nov-21,2034,,
11-Nov-21,2062,,
12-Nov-21,2046,,
15-Nov-21,2103,,
16-Nov-21,2180,,
17-Nov-21,2175,,
18-Nov-21,2184,,
19-Nov-21,2146,,
22-Nov-21,2080,,
23-Nov-21,1968,,
24-Nov-21,1910,,
25-Nov-21,1912,,
26-Nov-21,1818,,
