date,RH,,
2-Jan-06,3000,,
3-Jan-06,3000,,
4-Jan-06,3000,,
5-Jan-06,3000,,
6-Jan-06,3000,,
9-Jan-06,3000,,
10-Jan-06,3000,,
11-Jan-06,3000,,
12-Jan-06,3050,,
13-Jan-06,3075,,
16-Jan-06,3090,,
17-Jan-06,3090,,
18-Jan-06,3110,,
19-Jan-06,3140,,
20-Jan-06,3140,,
23-Jan-06,3140,,
24-Jan-06,3140,,
25-Jan-06,3165,,
26-Jan-06,3240,,
27-Jan-06,3280,,
30-Jan-06,3350,,
31-Jan-06,3400,,
1-Feb-06,3500,,
2-Feb-06,3520,,
3-Feb-06,3520,,
6-Feb-06,3520,,
7-Feb-06,3520,,
8-Feb-06,3520,,
9-Feb-06,3500,,
10-Feb-06,3500,,
13-Feb-06,3500,,
14-Feb-06,3500,,
15-Feb-06,3500,,
16-Feb-06,3500,,
17-Feb-06,3480,,
20-Feb-06,3480,,
21-Feb-06,3480,,
22-Feb-06,3460,,
23-Feb-06,3460,,
24-Feb-06,3460,,
27-Feb-06,3460,,
28-Feb-06,3460,,
1-Mar-06,3500,,
2-Mar-06,3540,,
3-Mar-06,3560,,
6-Mar-06,3560,,
7-Mar-06,3560,,
8-Mar-06,3590,,
9-Mar-06,3610,,
10-Mar-06,3650,,
13-Mar-06,3675,,
14-Mar-06,3740,,
15-Mar-06,3760,,
16-Mar-06,3775,,
17-Mar-06,3800,,
20-Mar-06,3870,,
21-Mar-06,3900,,
22-Mar-06,4000,,
23-Mar-06,4150,,
24-Mar-06,4250,,
27-Mar-06,4350,,
28-Mar-06,4350,,
29-Mar-06,4275,,
30-Mar-06,4100,,
31-Mar-06,4025,,
3-Apr-06,4000,,
4-Apr-06,4000,,
5-Apr-06,4020,,
6-Apr-06,4150,,
7-Apr-06,4250,,
10-Apr-06,4380,,
11-Apr-06,4450,,
12-Apr-06,4500,,
13-Apr-06,4500,,
18-Apr-06,4500,,
19-Apr-06,4525,,
20-Apr-06,4550,,
21-Apr-06,4550,,
24-Apr-06,4550,,
25-Apr-06,4680,,
26-Apr-06,4800,,
27-Apr-06,4800,,
28-Apr-06,4800,,
2-May-06,4800,,
3-May-06,4800,,
4-May-06,4825,,
5-May-06,4860,,
8-May-06,4880,,
9-May-06,4980,,
10-May-06,5080,,
11-May-06,5225,,
12-May-06,5300,5300,
15-May-06,5375,,
16-May-06,5600,,
17-May-06,6000,,
18-May-06,6100,,
19-May-06,6225,,
22-May-06,6275,,
23-May-06,6275,,
24-May-06,6275,,
25-May-06,6100,,
26-May-06,6000,,
29-May-06,5950,,
30-May-06,5900,,
31-May-06,5850,,
1-Jun-06,5750,,
2-Jun-06,5625,,
5-Jun-06,5600,,
6-Jun-06,5550,,
7-Jun-06,5475,,
8-Jun-06,5200,,
9-Jun-06,4950,,
12-Jun-06,4600,,
13-Jun-06,4450,,
14-Jun-06,4250,,
15-Jun-06,4175,,
16-Jun-06,4175,,
19-Jun-06,4250,,
20-Jun-06,4450,,
21-Jun-06,5000,,
22-Jun-06,5225,,
23-Jun-06,5150,,
26-Jun-06,5000,,
27-Jun-06,5000,,
28-Jun-06,4925,,
29-Jun-06,4875,,
30-Jun-06,4825,,
3-Jul-06,4800,,
4-Jul-06,4750,,
5-Jul-06,4750,,
6-Jul-06,4700,,
7-Jul-06,4700,,
10-Jul-06,4550,,
11-Jul-06,4500,,
12-Jul-06,4500,,
13-Jul-06,4600,,
14-Jul-06,4600,,
17-Jul-06,4630,,
18-Jul-06,4630,,
19-Jul-06,4630,,
20-Jul-06,4600,,
21-Jul-06,4600,,
24-Jul-06,4600,,
25-Jul-06,4600,,
26-Jul-06,4600,,
27-Jul-06,4630,,
28-Jul-06,4650,,
31-Jul-06,4650,,
1-Aug-06,4650,,
2-Aug-06,4650,,
3-Aug-06,4650,,
4-Aug-06,4650,,
7-Aug-06,4650,,
8-Aug-06,4650,,
9-Aug-06,4650,,
10-Aug-06,4650,,
11-Aug-06,4650,,
14-Aug-06,4650,,
15-Aug-06,4650,,
16-Aug-06,4650,,
17-Aug-06,4650,,
18-Aug-06,4650,,
21-Aug-06,4650,,
22-Aug-06,4650,,
23-Aug-06,4650,,
24-Aug-06,4650,,
25-Aug-06,4650,,
28-Aug-06,4650,,
29-Aug-06,4650,,
30-Aug-06,4650,,
31-Aug-06,4650,,
1-Sep-06,4650,,
4-Sep-06,4650,,
5-Sep-06,4650,,
6-Sep-06,4650,,
7-Sep-06,4700,,
8-Sep-06,4775,,
11-Sep-06,4775,,
12-Sep-06,4800,,
13-Sep-06,4850,,
14-Sep-06,4920,,
15-Sep-06,4940,,
18-Sep-06,4940,,
19-Sep-06,4940,,
20-Sep-06,4940,,
21-Sep-06,4900,,
22-Sep-06,4875,,
25-Sep-06,4835,,
26-Sep-06,4800,,
27-Sep-06,4800,,
28-Sep-06,4800,,
29-Sep-06,4800,,
2-Oct-06,4800,,
3-Oct-06,4800,,
4-Oct-06,4800,,
5-Oct-06,4800,,
6-Oct-06,4800,,
9-Oct-06,4820,,
10-Oct-06,4875,,
11-Oct-06,4900,,
12-Oct-06,4900,,
13-Oct-06,4935,,
16-Oct-06,4975,,
17-Oct-06,4990,,
18-Oct-06,5015,,
19-Oct-06,5030,,
20-Oct-06,5030,,
23-Oct-06,5030,,
24-Oct-06,5030,,
25-Oct-06,5030,,
26-Oct-06,5030,,
27-Oct-06,4950,,
30-Oct-06,4900,,
31-Oct-06,4880,,
1-Nov-06,4860,,
2-Nov-06,4860,,
3-Nov-06,4860,,
6-Nov-06,4900,,
7-Nov-06,4900,,
8-Nov-06,4900,,
9-Nov-06,4900,,
10-Nov-06,4900,,
13-Nov-06,4900,,
14-Nov-06,4900,,
15-Nov-06,4900,,
16-Nov-06,4900,,
17-Nov-06,4880,,
20-Nov-06,4860,,
21-Nov-06,4860,,
22-Nov-06,4860,,
23-Nov-06,4860,,
24-Nov-06,4860,,
27-Nov-06,4860,,
28-Nov-06,4860,,
29-Nov-06,4860,,
30-Nov-06,4860,,
1-Dec-06,4890,,
4-Dec-06,5000,,
5-Dec-06,5000,,
6-Dec-06,5050,,
7-Dec-06,5075,,
8-Dec-06,5075,,
11-Dec-06,5075,,
12-Dec-06,5125,,
13-Dec-06,5140,,
14-Dec-06,5240,,
15-Dec-06,5350,,
18-Dec-06,5550,,
19-Dec-06,5725,,
20-Dec-06,6000,,
21-Dec-06,5900,,
22-Dec-06,5700,,
27-Dec-06,5650,,
28-Dec-06,5550,,
29-Dec-06,5550,,
2-Jan-07,5550,,
3-Jan-07,5550,,
4-Jan-07,5550,,
5-Jan-07,5550,,
8-Jan-07,5550,,
9-Jan-07,5575,,
10-Jan-07,5700,,
11-Jan-07,5850,,
12-Jan-07,5875,,
15-Jan-07,5850,,
16-Jan-07,5800,,
17-Jan-07,5725,,
18-Jan-07,5675,,
19-Jan-07,5625,,
22-Jan-07,5600,,
23-Jan-07,5625,,
24-Jan-07,5800,,
25-Jan-07,5900,,
26-Jan-07,5975,,
29-Jan-07,5975,,
30-Jan-07,5950,,
31-Jan-07,5925,,
1-Feb-07,5850,,
2-Feb-07,5825,,
5-Feb-07,5825,,
6-Feb-07,5875,,
7-Feb-07,5975,,
8-Feb-07,6000,,
9-Feb-07,5975,,
12-Feb-07,5900,,
13-Feb-07,5900,,
14-Feb-07,5975,,
15-Feb-07,6000,,
16-Feb-07,6000,,
19-Feb-07,6000,,
20-Feb-07,6000,,
21-Feb-07,6000,,
22-Feb-07,5975,,
23-Feb-07,5950,,
26-Feb-07,5950,,
27-Feb-07,5950,,
28-Feb-07,5950,,
1-Mar-07,5975,,
2-Mar-07,5975,,
5-Mar-07,5975,,
6-Mar-07,5975,,
7-Mar-07,5975,,
8-Mar-07,5975,,
9-Mar-07,6000,,
12-Mar-07,6025,,
13-Mar-07,6025,,
14-Mar-07,6025,,
15-Mar-07,6025,,
16-Mar-07,6025,,
19-Mar-07,6025,,
20-Mar-07,6025,,
21-Mar-07,6050,,
22-Mar-07,6100,,
23-Mar-07,6175,,
26-Mar-07,6175,,
27-Mar-07,6175,,
28-Mar-07,6200,,
29-Mar-07,6225,,
30-Mar-07,6225,,
2-Apr-07,6200,,
3-Apr-07,6175,,
4-Apr-07,6150,,
5-Apr-07,6150,,
10-Apr-07,6275,,
11-Apr-07,6350,,
12-Apr-07,6400,,
13-Apr-07,6450,,
16-Apr-07,6475,,
17-Apr-07,6500,,
18-Apr-07,6500,,
19-Apr-07,6450,6450,
20-Apr-07,6400,,
23-Apr-07,6400,,
24-Apr-07,6400,,
25-Apr-07,6350,,
26-Apr-07,6200,,
27-Apr-07,5950,,
30-Apr-07,5950,,
1-May-07,5950,,
2-May-07,5950,,
3-May-07,5950,,
4-May-07,5950,,
7-May-07,5950,,
8-May-07,5975,,
9-May-07,6000,,
10-May-07,6075,,
11-May-07,6350,,
14-May-07,6350,,
15-May-07,6325,,
16-May-07,6250,,
17-May-07,6225,,
18-May-07,6200,,
21-May-07,6200,,
22-May-07,6200,,
23-May-07,6225,,
24-May-07,6225,,
25-May-07,6225,,
28-May-07,6200,,
29-May-07,6200,,
30-May-07,6150,,
31-May-07,6115,,
1-Jun-07,6070,,
4-Jun-07,6020,,
5-Jun-07,6000,,
6-Jun-07,5980,,
7-Jun-07,6020,,
8-Jun-07,6070,,
11-Jun-07,6100,,
12-Jun-07,6100,,
13-Jun-07,6100,,
14-Jun-07,6080,,
15-Jun-07,6060,,
18-Jun-07,6060,,
19-Jun-07,6075,,
20-Jun-07,6090,,
21-Jun-07,6250,,
22-Jun-07,6250,,
25-Jun-07,6200,,
26-Jun-07,6150,,
27-Jun-07,6120,,
28-Jun-07,6175,,
29-Jun-07,6250,,
2-Jul-07,6250,,
3-Jul-07,6200,,
4-Jul-07,6125,,
5-Jul-07,6100,,
6-Jul-07,6025,,
9-Jul-07,6025,,
10-Jul-07,6025,,
11-Jul-07,6025,,
12-Jul-07,6025,,
13-Jul-07,6025,,
16-Jul-07,6000,,
17-Jul-07,5980,,
18-Jul-07,5960,,
19-Jul-07,5960,,
20-Jul-07,6000,,
23-Jul-07,6025,,
24-Jul-07,6040,,
25-Jul-07,6100,,
26-Jul-07,6120,,
27-Jul-07,6120,,
30-Jul-07,6100,,
31-Jul-07,6075,,
1-Aug-07,6050,,
2-Aug-07,6025,,
3-Aug-07,6060,,
6-Aug-07,6100,,
7-Aug-07,6150,,
8-Aug-07,6150,,
9-Aug-07,6150,,
10-Aug-07,6125,,
13-Aug-07,6100,,
14-Aug-07,6100,,
15-Aug-07,6100,,
16-Aug-07,6100,,
17-Aug-07,6080,,
20-Aug-07,6080,,
21-Aug-07,6080,,
22-Aug-07,6080,,
23-Aug-07,6080,,
24-Aug-07,6100,,
27-Aug-07,6100,,
28-Aug-07,6100,,
29-Aug-07,6125,,
30-Aug-07,6150,,
31-Aug-07,6175,,
3-Sep-07,6175,,
4-Sep-07,6175,,
5-Sep-07,6200,,
6-Sep-07,6225,,
7-Sep-07,6225,,
10-Sep-07,6225,,
11-Sep-07,6225,,
12-Sep-07,6200,,
13-Sep-07,6200,,
14-Sep-07,6200,,
17-Sep-07,6225,,
18-Sep-07,6250,,
19-Sep-07,6250,,
20-Sep-07,6250,,
21-Sep-07,6225,,
24-Sep-07,6200,,
25-Sep-07,6175,,
26-Sep-07,6150,,
27-Sep-07,6125,,
28-Sep-07,6125,,
1-Oct-07,6150,,
2-Oct-07,6175,,
3-Oct-07,6200,,
4-Oct-07,6200,,
5-Oct-07,6200,,
8-Oct-07,6200,,
9-Oct-07,6200,,
10-Oct-07,6200,,
11-Oct-07,6225,,
12-Oct-07,6250,,
15-Oct-07,6275,,
16-Oct-07,6275,,
17-Oct-07,6300,,
18-Oct-07,6325,,
19-Oct-07,6325,,
22-Oct-07,6325,,
23-Oct-07,6325,,
24-Oct-07,6325,,
25-Oct-07,6300,,
26-Oct-07,6275,,
29-Oct-07,6250,,
30-Oct-07,6250,,
31-Oct-07,6250,,
1-Nov-07,6300,,
2-Nov-07,6350,,
5-Nov-07,6375,,
6-Nov-07,6400,,
7-Nov-07,6525,,
8-Nov-07,6550,,
9-Nov-07,6575,,
12-Nov-07,6675,,
13-Nov-07,6750,,
14-Nov-07,6700,,
15-Nov-07,6700,,
16-Nov-07,6675,,
19-Nov-07,6675,,
20-Nov-07,6675,,
21-Nov-07,6775,,
22-Nov-07,6800,,
23-Nov-07,6800,,
26-Nov-07,6800,,
27-Nov-07,6800,,
28-Nov-07,6775,,
29-Nov-07,6775,,
30-Nov-07,6775,,
3-Dec-07,6775,,
4-Dec-07,6825,,
5-Dec-07,6825,,
6-Dec-07,6825,,
7-Dec-07,6825,,
10-Dec-07,6800,,
11-Dec-07,6800,,
12-Dec-07,6800,,
13-Dec-07,6800,,
14-Dec-07,6800,,
17-Dec-07,6800,,
18-Dec-07,6800,,
19-Dec-07,6800,,
20-Dec-07,6800,,
21-Dec-07,6825,,
24-Dec-07,6825,,
27-Dec-07,6850,,
28-Dec-07,6850,,
31-Dec-07,6850,,
2-Jan-08,6850,,
3-Jan-08,6850,,
4-Jan-08,6870,,
7-Jan-08,6890,,
8-Jan-08,6950,,
9-Jan-08,7025,,
10-Jan-08,7050,,
11-Jan-08,7050,,
14-Jan-08,7050,,
15-Jan-08,7050,,
16-Jan-08,7050,,
17-Jan-08,7050,,
18-Jan-08,7050,,
21-Jan-08,7050,,
22-Jan-08,7030,,
23-Jan-08,7010,,
24-Jan-08,6950,,
25-Jan-08,7000,7000,
28-Jan-08,7120,,
29-Jan-08,7300,,
30-Jan-08,7300,,
31-Jan-08,7300,,
1-Feb-08,7325,,
4-Feb-08,7400,,
5-Feb-08,7440,,
6-Feb-08,7440,,
7-Feb-08,7570,,
8-Feb-08,7850,,
11-Feb-08,8075,,
12-Feb-08,8650,,
13-Feb-08,8650,,
14-Feb-08,8725,,
15-Feb-08,8725,,
18-Feb-08,8875,,
19-Feb-08,8950,,
20-Feb-08,9080,,
21-Feb-08,9080,,
22-Feb-08,9080,,
25-Feb-08,9080,,
26-Feb-08,9050,,
27-Feb-08,9030,,
28-Feb-08,9030,,
29-Feb-08,9075,,
3-Mar-08,9075,,
4-Mar-08,9075,,
5-Mar-08,9300,9400,9400
6-Mar-08,9400,,
7-Mar-08,9425,,
10-Mar-08,9425,,
11-Mar-08,9425,,
12-Mar-08,9400,,
13-Mar-08,9325,,
14-Mar-08,9300,,
17-Mar-08,9300,,
18-Mar-08,9250,,
19-Mar-08,9250,,
20-Mar-08,9250,,
25-Mar-08,9150,,
26-Mar-08,9150,,
27-Mar-08,9150,,
28-Mar-08,9150,,
31-Mar-08,9050,,
1-Apr-08,8975,,
2-Apr-08,8925,,
3-Apr-08,8925,,
4-Apr-08,8925,,
7-Apr-08,8925,,
8-Apr-08,9050,,
9-Apr-08,9050,,
10-Apr-08,9050,,
11-Apr-08,9050,,
14-Apr-08,9050,,
15-Apr-08,9050,,
16-Apr-08,9075,,
17-Apr-08,9125,,
18-Apr-08,9125,,
21-Apr-08,9125,,
22-Apr-08,9125,,
23-Apr-08,9125,,
24-Apr-08,9125,,
25-Apr-08,9125,,
28-Apr-08,9125,,
29-Apr-08,9150,,
30-Apr-08,9150,,
1-May-08,9175,,
2-May-08,9200,,
5-May-08,9200,,
6-May-08,9200,,
7-May-08,9250,,
8-May-08,9250,,
9-May-08,9400,,
12-May-08,9475,,
13-May-08,9475,,
14-May-08,9475,,
15-May-08,9475,,
16-May-08,9475,,
19-May-08,9500,,
20-May-08,9650,,
21-May-08,9700,,
22-May-08,9850,,
23-May-08,9875,,
26-May-08,9875,,
27-May-08,9875,,
28-May-08,9900,,
29-May-08,9900,9900,
30-May-08,9800,,
2-Jun-08,9800,,
3-Jun-08,9800,,
4-Jun-08,9750,,
5-Jun-08,9650,,
6-Jun-08,9550,,
9-Jun-08,9525,,
10-Jun-08,9525,,
11-Jun-08,9525,,
12-Jun-08,9525,,
13-Jun-08,9650,,
16-Jun-08,9800,,
17-Jun-08,10025,,
18-Jun-08,10050,,
19-Jun-08,10100,,
20-Jun-08,10050,,
23-Jun-08,10025,,
24-Jun-08,10000,,
25-Jun-08,9925,,
26-Jun-08,9775,,
27-Jun-08,9750,,
30-Jun-08,9725,,
1-Jul-08,9725,,
2-Jul-08,9750,,
3-Jul-08,9825,,
4-Jul-08,9825,,
7-Jul-08,9825,,
8-Jul-08,9800,,
9-Jul-08,9750,,
10-Jul-08,9700,,
11-Jul-08,9650,,
14-Jul-08,9650,,
15-Jul-08,9600,,
16-Jul-08,9600,,
17-Jul-08,9600,,
18-Jul-08,9575,,
21-Jul-08,9550,,
22-Jul-08,9475,,
23-Jul-08,9450,,
24-Jul-08,9350,,
25-Jul-08,9250,,
28-Jul-08,8900,,
29-Jul-08,8750,,
30-Jul-08,8550,,
31-Jul-08,8325,,
1-Aug-08,8225,,
4-Aug-08,8000,,
5-Aug-08,7900,,
6-Aug-08,7800,7800,
7-Aug-08,7800,,
8-Aug-08,7800,,
11-Aug-08,7600,,
12-Aug-08,7200,,
13-Aug-08,6950,,
14-Aug-08,6400,,
15-Aug-08,5950,,
18-Aug-08,5200,,
19-Aug-08,4900,,
20-Aug-08,4200,,
21-Aug-08,3850,,
22-Aug-08,4100,,
25-Aug-08,5000,,
26-Aug-08,5600,,
27-Aug-08,6200,,
28-Aug-08,6200,,
29-Aug-08,6200,,
1-Sep-08,6100,,
2-Sep-08,5900,,
3-Sep-08,4900,,
4-Sep-08,4500,,
5-Sep-08,4750,,
8-Sep-08,4750,,
9-Sep-08,4750,,
10-Sep-08,4600,,
11-Sep-08,4375,,
12-Sep-08,4375,,
15-Sep-08,4375,,
16-Sep-08,4325,,
17-Sep-08,4325,,
18-Sep-08,4325,,
19-Sep-08,4325,,
22-Sep-08,4325,,
23-Sep-08,4375,,
24-Sep-08,4375,,
25-Sep-08,4375,,
26-Sep-08,4375,,
29-Sep-08,4375,,
30-Sep-08,4350,,
1-Oct-08,4050,,
2-Oct-08,3600,,
3-Oct-08,3350,,
6-Oct-08,3300,,
7-Oct-08,3300,,
8-Oct-08,3300,,
9-Oct-08,3300,,
10-Oct-08,3300,,
13-Oct-08,3300,,
14-Oct-08,3250,,
15-Oct-08,2900,,
16-Oct-08,2350,,
17-Oct-08,1900,,
20-Oct-08,1700,,
21-Oct-08,1700,,
22-Oct-08,1800,,
23-Oct-08,2050,,
24-Oct-08,2050,,
27-Oct-08,1600,,
28-Oct-08,1600,,
29-Oct-08,1600,,
30-Oct-08,1600,,
31-Oct-08,1600,,
3-Nov-08,1600,,
4-Nov-08,1550,,
5-Nov-08,1450,1450,
6-Nov-08,1450,,
7-Nov-08,1600,,
10-Nov-08,1600,,
11-Nov-08,1600,,
12-Nov-08,1600,,
13-Nov-08,1600,,
14-Nov-08,1500,,
17-Nov-08,1450,,
18-Nov-08,1450,,
19-Nov-08,1375,,
20-Nov-08,1275,,
21-Nov-08,1200,,
24-Nov-08,1050,,
25-Nov-08,1000,,
26-Nov-08,1000,,
27-Nov-08,1000,,
28-Nov-08,1050,,
1-Dec-08,1075,,
2-Dec-08,1075,,
3-Dec-08,1225,,
4-Dec-08,1375,,
5-Dec-08,1375,,
8-Dec-08,1325,,
9-Dec-08,1275,,
10-Dec-08,1275,,
11-Dec-08,1225,,
12-Dec-08,1225,,
15-Dec-08,1225,,
16-Dec-08,1150,,
17-Dec-08,1100,,
18-Dec-08,1150,,
19-Dec-08,1150,,
22-Dec-08,1150,,
23-Dec-08,1150,,
24-Dec-08,1250,,
29-Dec-08,1250,,
30-Dec-08,1250,,
31-Dec-08,1250,,
2-Jan-09,1250,,
5-Jan-09,1250,,
6-Jan-09,1250,,
7-Jan-09,1300,,
8-Jan-09,1300,,
9-Jan-09,1225,,
12-Jan-09,1200,,
13-Jan-09,1175,,
14-Jan-09,1050,,
15-Jan-09,1050,,
16-Jan-09,1050,,
19-Jan-09,1100,,
20-Jan-09,1100,,
21-Jan-09,1100,,
22-Jan-09,1150,,
23-Jan-09,1150,,
26-Jan-09,1150,,
27-Jan-09,1125,,
28-Jan-09,1100,,
29-Jan-09,1100,,
30-Jan-09,1100,,
2-Feb-09,1150,,
3-Feb-09,1150,,
4-Feb-09,1150,,
5-Feb-09,1150,,
6-Feb-09,1150,,
9-Feb-09,1150,,
10-Feb-09,1150,,
11-Feb-09,1150,,
12-Feb-09,1150,,
13-Feb-09,1200,,
16-Feb-09,1200,,
17-Feb-09,1200,,
18-Feb-09,1200,,
19-Feb-09,1200,,
20-Feb-09,1200,,
23-Feb-09,1200,,
24-Feb-09,1200,,
25-Feb-09,1200,,
26-Feb-09,1200,,
27-Feb-09,1200,,
2-Mar-09,1200,,
3-Mar-09,1200,,
4-Mar-09,1200,,
5-Mar-09,1200,,
6-Mar-09,1200,,
9-Mar-09,1200,,
10-Mar-09,1200,,
11-Mar-09,1175,,
12-Mar-09,1175,,
13-Mar-09,1175,,
16-Mar-09,1175,,
17-Mar-09,1175,,
18-Mar-09,1150,,
19-Mar-09,1125,,
20-Mar-09,1125,,
23-Mar-09,1125,,
24-Mar-09,1125,,
25-Mar-09,1150,,
26-Mar-09,1150,,
27-Mar-09,1175,,
30-Mar-09,1175,,
31-Mar-09,1175,,
1-Apr-09,1175,,
2-Apr-09,1160,,
3-Apr-09,1160,,
6-Apr-09,1160,,
7-Apr-09,1160,,
8-Apr-09,1160,,
9-Apr-09,1175,,
14-Apr-09,1200,,
15-Apr-09,1225,,
16-Apr-09,1350,,
17-Apr-09,1450,,
20-Apr-09,1600,,
21-Apr-09,1650,,
22-Apr-09,1675,,
23-Apr-09,1625,,
24-Apr-09,1575,,
27-Apr-09,1500,,
28-Apr-09,1350,,
29-Apr-09,1325,,
30-Apr-09,1325,,
1-May-09,1325,,
4-May-09,1325,,
5-May-09,1325,,
6-May-09,1350,,
7-May-09,1375,,
8-May-09,1500,,
11-May-09,1525,,
12-May-09,1525,,
13-May-09,1425,,
14-May-09,1375,,
15-May-09,1375,,
18-May-09,1375,,
19-May-09,1375,,
20-May-09,1450,,
21-May-09,1500,,
22-May-09,1450,,
25-May-09,1450,,
26-May-09,1450,,
27-May-09,1450,,
28-May-09,1450,,
29-May-09,1425,,
1-Jun-09,1425,,
2-Jun-09,1450,,
3-Jun-09,1450,,
4-Jun-09,1475,,
5-Jun-09,1500,,
8-Jun-09,1500,,
9-Jun-09,1500,,
10-Jun-09,1500,,
11-Jun-09,1500,,
12-Jun-09,1500,,
15-Jun-09,1500,,
16-Jun-09,1500,,
17-Jun-09,1500,,
18-Jun-09,1500,,
19-Jun-09,1475,,
22-Jun-09,1450,,
23-Jun-09,1400,,
24-Jun-09,1375,,
25-Jun-09,1425,,
26-Jun-09,1450,,
29-Jun-09,1450,,
30-Jun-09,1450,,
1-Jul-09,1450,,
2-Jul-09,1430,,
3-Jul-09,1430,,
6-Jul-09,1430,,
7-Jul-09,1430,,
8-Jul-09,1430,,
9-Jul-09,1430,,
10-Jul-09,1430,,
13-Jul-09,1430,,
14-Jul-09,1430,,
15-Jul-09,1430,,
16-Jul-09,1430,,
17-Jul-09,1430,,
20-Jul-09,1430,,
21-Jul-09,1430,,
22-Jul-09,1430,,
23-Jul-09,1450,,
24-Jul-09,1520,,
27-Jul-09,1600,,
28-Jul-09,1725,,
29-Jul-09,1725,,
30-Jul-09,1675,,
31-Jul-09,1625,,
3-Aug-09,1625,,
4-Aug-09,1650,,
5-Aug-09,1650,,
6-Aug-09,1700,,
7-Aug-09,1700,,
10-Aug-09,1700,,
11-Aug-09,1700,,
12-Aug-09,1700,,
13-Aug-09,1700,,
14-Aug-09,1700,,
17-Aug-09,1700,,
18-Aug-09,1675,,
19-Aug-09,1675,,
20-Aug-09,1650,,
21-Aug-09,1650,,
24-Aug-09,1650,,
25-Aug-09,1650,,
26-Aug-09,1650,,
27-Aug-09,1650,,
28-Aug-09,1650,,
31-Aug-09,1650,,
1-Sep-09,1650,,
2-Sep-09,1650,,
3-Sep-09,1650,,
4-Sep-09,1650,,
7-Sep-09,1650,,
8-Sep-09,1650,,
9-Sep-09,1650,,
10-Sep-09,1650,,
11-Sep-09,1650,,
14-Sep-09,1650,,
15-Sep-09,1650,,
16-Sep-09,1650,,
17-Sep-09,1650,,
18-Sep-09,1650,,
21-Sep-09,1650,,
22-Sep-09,1650,,
23-Sep-09,1650,,
24-Sep-09,1650,,
25-Sep-09,1650,,
28-Sep-09,1650,,
29-Sep-09,1650,,
30-Sep-09,1650,,
1-Oct-09,1650,,
2-Oct-09,1650,,
5-Oct-09,1650,,
6-Oct-09,1650,,
7-Oct-09,1650,,
8-Oct-09,1650,,
9-Oct-09,1650,,
12-Oct-09,1700,,
13-Oct-09,1700,,
14-Oct-09,1775,,
15-Oct-09,1775,,
16-Oct-09,1775,,
19-Oct-09,1750,,
20-Oct-09,1750,,
21-Oct-09,1850,,
22-Oct-09,1850,,
23-Oct-09,1875,,
26-Oct-09,1900,,
27-Oct-09,1925,,
28-Oct-09,1950,,
29-Oct-09,1950,,
30-Oct-09,1950,,
2-Nov-09,1950,,
3-Nov-09,1950,,
4-Nov-09,1950,,
5-Nov-09,2000,,
6-Nov-09,2000,,
9-Nov-09,2025,,
10-Nov-09,2045,,
11-Nov-09,2045,,
12-Nov-09,2125,,
13-Nov-09,2150,,
16-Nov-09,2250,,
17-Nov-09,2475,,
18-Nov-09,2475,,
19-Nov-09,2600,,
20-Nov-09,2675,,
23-Nov-09,2725,,
24-Nov-09,2775,,
25-Nov-09,2775,,
26-Nov-09,2800,,
27-Nov-09,2800,,
30-Nov-09,2800,,
1-Dec-09,2800,,
2-Dec-09,2725,,
3-Dec-09,2625,,
4-Dec-09,2475,,
7-Dec-09,2425,,
8-Dec-09,2300,,
9-Dec-09,2300,,
10-Dec-09,2200,,
11-Dec-09,2175,,
14-Dec-09,2175,,
15-Dec-09,2175,,
16-Dec-09,2225,,
17-Dec-09,2425,,
18-Dec-09,2450,,
21-Dec-09,2475,,
22-Dec-09,2475,,
23-Dec-09,2475,,
24-Dec-09,2475,,
28-Dec-09,2475,,
29-Dec-09,2475,,
30-Dec-09,2475,,
31-Dec-09,2500,,
4-Jan-10,2550,,
5-Jan-10,2650,,
6-Jan-10,2700,,
7-Jan-10,2750,,
8-Jan-10,2750,,
11-Jan-10,2750,,
12-Jan-10,2750,,
13-Jan-10,2750,,
14-Jan-10,2750,,
15-Jan-10,2750,,
18-Jan-10,2775,,
19-Jan-10,2775,,
20-Jan-10,2775,,
21-Jan-10,2775,,
22-Jan-10,2675,,
25-Jan-10,2600,,
26-Jan-10,2550,,
27-Jan-10,2500,,
28-Jan-10,2450,,
29-Jan-10,2450,,
1-Feb-10,2450,,
2-Feb-10,2475,,
3-Feb-10,2550,,
4-Feb-10,2550,,
5-Feb-10,2500,,
8-Feb-10,2400,,
9-Feb-10,2375,,
10-Feb-10,2475,,
11-Feb-10,2475,,
12-Feb-10,2500,,
15-Feb-10,2500,,
16-Feb-10,2500,,
17-Feb-10,2500,,
18-Feb-10,2500,,
19-Feb-10,2500,,
22-Feb-10,2500,,
23-Feb-10,2525,,
24-Feb-10,2575,,
25-Feb-10,2575,,
26-Feb-10,2575,,
1-Mar-10,2575,,
2-Mar-10,2575,,
3-Mar-10,2575,,
4-Mar-10,2575,,
5-Mar-10,2575,,
8-Mar-10,2525,,
9-Mar-10,2550,,
10-Mar-10,2550,,
11-Mar-10,2550,,
12-Mar-10,2550,,
15-Mar-10,2550,,
16-Mar-10,2535,,
17-Mar-10,2535,,
18-Mar-10,2535,,
19-Mar-10,2520,,
22-Mar-10,2520,,
23-Mar-10,2475,,
24-Mar-10,2425,,
25-Mar-10,2425,,
26-Mar-10,2425,,
29-Mar-10,2500,,
30-Mar-10,2575,,
31-Mar-10,2575,,
1-Apr-10,2600,,
6-Apr-10,2600,,
7-Apr-10,2675,,
8-Apr-10,2725,,
9-Apr-10,2725,,
12-Apr-10,2775,,
13-Apr-10,2825,,
14-Apr-10,2850,,
15-Apr-10,2950,,
16-Apr-10,2975,,
19-Apr-10,2950,,
20-Apr-10,2950,,
21-Apr-10,2950,,
22-Apr-10,2950,,
23-Apr-10,2950,,
26-Apr-10,2950,,
27-Apr-10,2950,,
28-Apr-10,2900,,
29-Apr-10,2850,,
30-Apr-10,2850,,
3-May-10,2850,,
4-May-10,2850,,
5-May-10,2850,,
6-May-10,2800,,
7-May-10,2825,,
10-May-10,2825,,
11-May-10,2825,,
12-May-10,2825,,
13-May-10,2825,,
14-May-10,2825,,
17-May-10,2800,,
18-May-10,2800,,
19-May-10,2775,2775,
20-May-10,2725,2725,2725
21-May-10,2725,,
24-May-10,2675,,
25-May-10,2675,,
26-May-10,2675,,
27-May-10,2675,,
28-May-10,2675,,
31-May-10,2675,,
1-Jun-10,2675,,
2-Jun-10,2625,,
3-Jun-10,2625,,
4-Jun-10,2600,,
7-Jun-10,2600,,
8-Jun-10,2475,,
9-Jun-10,2475,,
10-Jun-10,2450,,
11-Jun-10,2425,,
14-Jun-10,2425,,
15-Jun-10,2425,,
16-Jun-10,2425,,
17-Jun-10,2425,,
18-Jun-10,2425,,
21-Jun-10,2425,,
22-Jun-10,2425,,
23-Jun-10,2425,,
24-Jun-10,2450,,
25-Jun-10,2450,,
28-Jun-10,2500,,
29-Jun-10,2500,,
30-Jun-10,2500,,
1-Jul-10,2500,,
2-Jul-10,2475,,
5-Jul-10,2475,,
6-Jul-10,2475,,
7-Jul-10,2450,,
8-Jul-10,2450,,
9-Jul-10,2450,,
12-Jul-10,2450,,
13-Jul-10,2450,,
14-Jul-10,2425,,
15-Jul-10,2400,,
16-Jul-10,2400,,
19-Jul-10,2325,,
20-Jul-10,2250,,
21-Jul-10,2150,,
22-Jul-10,2200,,
23-Jul-10,2250,,
26-Jul-10,2300,,
27-Jul-10,2300,,
28-Jul-10,2250,,
29-Jul-10,2225,,
30-Jul-10,2225,,
2-Aug-10,2225,,
3-Aug-10,2225,,
4-Aug-10,2225,,
5-Aug-10,2225,,
6-Aug-10,2175,,
9-Aug-10,2175,,
10-Aug-10,2175,,
11-Aug-10,2150,,
12-Aug-10,2150,,
13-Aug-10,2125,,
16-Aug-10,2125,,
17-Aug-10,2125,,
18-Aug-10,2125,,
19-Aug-10,2125,,
20-Aug-10,2125,,
23-Aug-10,2125,,
24-Aug-10,2125,,
25-Aug-10,2125,,
26-Aug-10,2125,,
27-Aug-10,2125,,
30-Aug-10,2125,,
31-Aug-10,2125,,
1-Sep-10,2125,,
2-Sep-10,2125,,
3-Sep-10,2125,,
6-Sep-10,2125,,
7-Sep-10,2125,,
8-Sep-10,2125,,
9-Sep-10,2125,,
10-Sep-10,2125,,
13-Sep-10,2125,,
14-Sep-10,2125,,
15-Sep-10,2125,,
16-Sep-10,2125,,
17-Sep-10,2125,,
20-Sep-10,2175,,
21-Sep-10,2350,,
22-Sep-10,2350,,
23-Sep-10,2325,,
24-Sep-10,2275,,
27-Sep-10,2300,,
28-Sep-10,2300,,
29-Sep-10,2300,,
30-Sep-10,2300,,
1-Oct-10,2300,,
4-Oct-10,2300,,
5-Oct-10,2275,,
6-Oct-10,2275,,
7-Oct-10,2250,,
8-Oct-10,2250,,
11-Oct-10,2250,,
12-Oct-10,2250,,
13-Oct-10,2250,,
14-Oct-10,2250,,
15-Oct-10,2300,,
18-Oct-10,2300,,
19-Oct-10,2300,,
20-Oct-10,2300,,
21-Oct-10,2300,,
22-Oct-10,2300,,
25-Oct-10,2300,,
26-Oct-10,2300,,
27-Oct-10,2275,,
28-Oct-10,2275,,
29-Oct-10,2275,,
1-Nov-10,2275,,
2-Nov-10,2275,,
3-Nov-10,2275,,
4-Nov-10,2275,,
5-Nov-10,2300,,
8-Nov-10,2300,,
9-Nov-10,2325,,
10-Nov-10,2375,,
11-Nov-10,2400,,
12-Nov-10,2475,,
15-Nov-10,2450,,
16-Nov-10,2425,,
17-Nov-10,2375,,
18-Nov-10,2350,,
19-Nov-10,2350,,
22-Nov-10,2350,,
23-Nov-10,2350,,
24-Nov-10,2325,,
25-Nov-10,2325,,
26-Nov-10,2325,,
29-Nov-10,2325,,
30-Nov-10,2300,,
1-Dec-10,2300,,
2-Dec-10,2325,,
3-Dec-10,2325,,
6-Dec-10,2325,,
7-Dec-10,2325,,
8-Dec-10,2325,,
9-Dec-10,2325,,
10-Dec-10,2300,,
13-Dec-10,2300,,
14-Dec-10,2300,,
15-Dec-10,2325,,
16-Dec-10,2325,,
17-Dec-10,2325,,
20-Dec-10,2325,,
21-Dec-10,2450,,
22-Dec-10,2450,,
23-Dec-10,2425,,
24-Dec-10,2400,,
28-Dec-10,2400,,
29-Dec-10,2400,,
30-Dec-10,2425,,
31-Dec-10,2425,,
4-Jan-11,2425,,
5-Jan-11,2425,,
6-Jan-11,2425,,
7-Jan-11,2425,,
10-Jan-11,2425,,
11-Jan-11,2425,,
12-Jan-11,2425,,
13-Jan-11,2425,,
14-Jan-11,2425,,
17-Jan-11,2425,,
18-Jan-11,2425,,
19-Jan-11,2425,,
20-Jan-11,2425,,
21-Jan-11,2450,,
24-Jan-11,2450,,
25-Jan-11,2450,,
26-Jan-11,2450,,
27-Jan-11,2450,,
28-Jan-11,2450,,
31-Jan-11,2500,,
1-Feb-11,2500,,
2-Feb-11,2500,,
3-Feb-11,2500,,
4-Feb-11,2500,,
7-Feb-11,2500,,
8-Feb-11,2500,,
9-Feb-11,2500,,
10-Feb-11,2500,,
11-Feb-11,2500,,
14-Feb-11,2500,,
15-Feb-11,2475,,
16-Feb-11,2475,,
17-Feb-11,2475,,
18-Feb-11,2450,,
21-Feb-11,2450,,
22-Feb-11,2450,,
23-Feb-11,2450,,
24-Feb-11,2450,,
25-Feb-11,2425,,
28-Feb-11,2425,,
1-Mar-11,2425,,
2-Mar-11,2425,,
3-Mar-11,2425,,
4-Mar-11,2425,,
7-Mar-11,2425,,
8-Mar-11,2400,,
9-Mar-11,2400,,
10-Mar-11,2400,,
11-Mar-11,2400,,
14-Mar-11,2400,,
15-Mar-11,2400,,
16-Mar-11,2400,,
17-Mar-11,2400,,
18-Mar-11,2400,,
21-Mar-11,2400,,
22-Mar-11,2375,,
23-Mar-11,2375,,
24-Mar-11,2375,,
25-Mar-11,2375,,
28-Mar-11,2375,,
29-Mar-11,2375,,
30-Mar-11,2375,,
31-Mar-11,2375,,
1-Apr-11,2375,,
4-Apr-11,2375,,
5-Apr-11,2375,,
6-Apr-11,2375,,
7-Apr-11,2375,,
8-Apr-11,2375,,
11-Apr-11,2375,,
12-Apr-11,2375,,
13-Apr-11,2350,,
14-Apr-11,2350,,
15-Apr-11,2350,,
18-Apr-11,2350,,
19-Apr-11,2350,,
20-Apr-11,2325,,
21-Apr-11,2325,,
26-Apr-11,2325,,
27-Apr-11,2300,,
28-Apr-11,2275,,
29-Apr-11,2275,,
3-May-11,2275,,
4-May-11,2250,,
5-May-11,2250,,
6-May-11,2250,,
9-May-11,2200,,
10-May-11,2175,,
11-May-11,2175,,
12-May-11,2150,,
13-May-11,2125,,
16-May-11,2100,,
17-May-11,2075,,
18-May-11,1975,,
19-May-11,1975,,
20-May-11,1975,,
23-May-11,1950,,
24-May-11,1950,,
25-May-11,1950,,
26-May-11,2050,,
27-May-11,2100,,
30-May-11,2175,,
31-May-11,2250,,
1-Jun-11,2350,,
2-Jun-11,2300,,
3-Jun-11,2250,,
6-Jun-11,2175,,
7-Jun-11,2125,,
8-Jun-11,2100,,
9-Jun-11,2075,,
10-Jun-11,2075,,
13-Jun-11,2075,,
14-Jun-11,2025,,
15-Jun-11,1950,,
16-Jun-11,1950,,
17-Jun-11,1950,,
20-Jun-11,2050,,
21-Jun-11,2050,,
22-Jun-11,2050,,
23-Jun-11,2050,,
24-Jun-11,2050,,
27-Jun-11,2000,,
28-Jun-11,2000,,
29-Jun-11,2000,,
30-Jun-11,2000,,
1-Jul-11,2000,,
4-Jul-11,2000,,
5-Jul-11,2000,,
6-Jul-11,2000,,
7-Jul-11,2000,,
8-Jul-11,2000,,
11-Jul-11,2000,,
12-Jul-11,2000,,
13-Jul-11,2000,,
14-Jul-11,2000,,
15-Jul-11,2000,,
18-Jul-11,2000,,
19-Jul-11,2000,,
20-Jul-11,1975,,
21-Jul-11,1950,,
22-Jul-11,1950,,
25-Jul-11,1950,,
26-Jul-11,1950,,
27-Jul-11,1950,,
28-Jul-11,1975,,
29-Jul-11,1975,,
1-Aug-11,1975,,
2-Aug-11,1975,,
3-Aug-11,1975,,
4-Aug-11,1975,,
5-Aug-11,1950,,
8-Aug-11,1925,,
9-Aug-11,1875,,
10-Aug-11,1850,,
11-Aug-11,1825,,
12-Aug-11,1825,,
15-Aug-11,1825,,
16-Aug-11,1825,,
17-Aug-11,1825,,
18-Aug-11,1825,,
19-Aug-11,1850,,
22-Aug-11,1850,,
23-Aug-11,1850,,
24-Aug-11,1875,,
25-Aug-11,1875,,
26-Aug-11,1875,,
29-Aug-11,1875,,
30-Aug-11,1875,,
31-Aug-11,1875,,
1-Sep-11,1875,,
2-Sep-11,1875,,
5-Sep-11,1875,,
6-Sep-11,1875,,
7-Sep-11,1875,,
8-Sep-11,1875,,
9-Sep-11,1875,,
12-Sep-11,1875,,
13-Sep-11,1875,,
14-Sep-11,1875,,
15-Sep-11,1875,,
16-Sep-11,1850,,
19-Sep-11,1850,,
20-Sep-11,1850,,
21-Sep-11,1825,,
22-Sep-11,1825,,
23-Sep-11,1800,,
26-Sep-11,1775,,
27-Sep-11,1750,,
28-Sep-11,1700,,
29-Sep-11,1700,,
30-Sep-11,1675,,
3-Oct-11,1675,,
4-Oct-11,1675,,
5-Oct-11,1650,,
6-Oct-11,1600,,
7-Oct-11,1600,,
10-Oct-11,1600,,
11-Oct-11,1625,,
12-Oct-11,1625,,
13-Oct-11,1625,,
14-Oct-11,1625,,
17-Oct-11,1625,,
18-Oct-11,1625,,
19-Oct-11,1625,,
20-Oct-11,1625,,
21-Oct-11,1625,,
24-Oct-11,1625,,
25-Oct-11,1625,,
26-Oct-11,1625,,
27-Oct-11,1625,,
28-Oct-11,1625,,
31-Oct-11,1650,,
1-Nov-11,1650,,
2-Nov-11,1650,,
3-Nov-11,1650,,
4-Nov-11,1650,,
7-Nov-11,1675,,
8-Nov-11,1675,,
9-Nov-11,1675,,
10-Nov-11,1675,,
11-Nov-11,1675,,
14-Nov-11,1675,,
15-Nov-11,1675,,
16-Nov-11,1675,,
17-Nov-11,1675,,
18-Nov-11,1675,,
21-Nov-11,1650,,
22-Nov-11,1650,,
23-Nov-11,1650,,
24-Nov-11,1650,,
25-Nov-11,1650,,
28-Nov-11,1650,,
29-Nov-11,1650,,
30-Nov-11,1650,,
1-Dec-11,1625,,
2-Dec-11,1625,,
5-Dec-11,1625,,
6-Dec-11,1600,,
7-Dec-11,1575,,
8-Dec-11,1550,,
9-Dec-11,1550,,
12-Dec-11,1525,,
13-Dec-11,1500,,
14-Dec-11,1475,,
15-Dec-11,1450,,
16-Dec-11,1400,,
19-Dec-11,1400,,
20-Dec-11,1400,,
21-Dec-11,1400,,
22-Dec-11,1400,,
23-Dec-11,1400,,
28-Dec-11,1400,,
29-Dec-11,1400,,
30-Dec-11,1400,,
3-Jan-12,1400,,
4-Jan-12,1400,,
5-Jan-12,1400,,
6-Jan-12,1375,,
9-Jan-12,1375,,
10-Jan-12,1350,,
11-Jan-12,1350,,
12-Jan-12,1350,,
13-Jan-12,1350,,
16-Jan-12,1375,,
17-Jan-12,1375,,
18-Jan-12,1375,,
19-Jan-12,1375,,
20-Jan-12,1375,,
23-Jan-12,1375,,
24-Jan-12,1400,,
25-Jan-12,1400,,
26-Jan-12,1400,,
27-Jan-12,1425,,
30-Jan-12,1425,,
31-Jan-12,1450,,
1-Feb-12,1475,,
2-Feb-12,1475,,
3-Feb-12,1475,,
6-Feb-12,1475,,
7-Feb-12,1500,,
8-Feb-12,1500,,
9-Feb-12,1500,,
10-Feb-12,1525,,
13-Feb-12,1525,,
14-Feb-12,1550,,
15-Feb-12,1550,,
16-Feb-12,1525,,
17-Feb-12,1525,,
20-Feb-12,1525,,
21-Feb-12,1525,,
22-Feb-12,1525,,
23-Feb-12,1525,,
24-Feb-12,1525,,
27-Feb-12,1525,,
28-Feb-12,1525,,
29-Feb-12,1525,,
1-Mar-12,1525,,
2-Mar-12,1525,,
5-Mar-12,1525,,
6-Mar-12,1525,1525,
7-Mar-12,1525,,
8-Mar-12,1525,,
9-Mar-12,1525,,
12-Mar-12,1525,,
13-Mar-12,1525,,
14-Mar-12,1525,,
15-Mar-12,1500,,
16-Mar-12,1475,,
19-Mar-12,1475,,
20-Mar-12,1475,,
21-Mar-12,1475,,
22-Mar-12,1475,,
23-Mar-12,1475,,
26-Mar-12,1450,,
27-Mar-12,1450,,
28-Mar-12,1425,,
29-Mar-12,1400,,
30-Mar-12,1400,,
2-Apr-12,1400,,
3-Apr-12,1400,,
4-Apr-12,1400,,
5-Apr-12,1400,,
10-Apr-12,1375,,
11-Apr-12,1375,,
12-Apr-12,1375,,
13-Apr-12,1375,,
16-Apr-12,1375,,
17-Apr-12,1375,,
18-Apr-12,1375,,
19-Apr-12,1385,,
20-Apr-12,1385,,
23-Apr-12,1385,,
24-Apr-12,1385,,
25-Apr-12,1385,,
26-Apr-12,1385,,
27-Apr-12,1385,,
30-Apr-12,1385,,
1-May-12,1385,,
2-May-12,1385,,
3-May-12,1385,,
4-May-12,1385,,
7-May-12,1385,,
8-May-12,1385,,
9-May-12,1385,,
10-May-12,1375,,
11-May-12,1375,,
14-May-12,1360,,
15-May-12,1360,,
16-May-12,1360,,
17-May-12,1360,,
18-May-12,1350,,
21-May-12,1350,,
22-May-12,1335,,
23-May-12,1335,,
24-May-12,1320,,
25-May-12,1300,,
28-May-12,1300,,
29-May-12,1300,,
30-May-12,1280,,
31-May-12,1260,,
1-Jun-12,1250,,
4-Jun-12,1250,,
5-Jun-12,1250,,
6-Jun-12,1250,,
7-Jun-12,1250,,
8-Jun-12,1250,,
11-Jun-12,1250,,
12-Jun-12,1250,,
13-Jun-12,1250,,
14-Jun-12,1250,,
15-Jun-12,1250,,
18-Jun-12,1250,,
19-Jun-12,1250,,
20-Jun-12,1250,,
21-Jun-12,1250,,
22-Jun-12,1250,,
25-Jun-12,1250,,
26-Jun-12,1250,,
27-Jun-12,1250,,
28-Jun-12,1250,,
29-Jun-12,1250,,
2-Jul-12,1250,,
3-Jul-12,1250,,
4-Jul-12,1250,,
5-Jul-12,1250,,
6-Jul-12,1250,,
9-Jul-12,1250,,
10-Jul-12,1235,,
11-Jul-12,1235,,
12-Jul-12,1235,,
13-Jul-12,1235,,
16-Jul-12,1235,,
17-Jul-12,1235,,
18-Jul-12,1235,,
19-Jul-12,1235,,
20-Jul-12,1225,,
23-Jul-12,1225,,
24-Jul-12,1225,,
25-Jul-12,1210,,
26-Jul-12,1200,,
27-Jul-12,1200,,
30-Jul-12,1185,,
31-Jul-12,1165,,
1-Aug-12,1165,,
2-Aug-12,1165,,
3-Aug-12,1165,,
6-Aug-12,1165,,
7-Aug-12,1150,,
8-Aug-12,1150,,
9-Aug-12,1135,,
10-Aug-12,1135,,
13-Aug-12,1120,,
14-Aug-12,1120,,
15-Aug-12,1100,,
16-Aug-12,1100,,
17-Aug-12,1100,,
20-Aug-12,1100,,
21-Aug-12,1100,,
22-Aug-12,1100,,
23-Aug-12,1100,,
24-Aug-12,1120,,
27-Aug-12,1120,,
28-Aug-12,1120,,
29-Aug-12,1120,,
30-Aug-12,1120,,
31-Aug-12,1120,,
3-Sep-12,1100,,
4-Sep-12,1100,,
5-Sep-12,1100,,
6-Sep-12,1100,,
7-Sep-12,1100,,
10-Sep-12,1100,,
11-Sep-12,1100,,
12-Sep-12,1100,,
13-Sep-12,1100,,
14-Sep-12,1150,,
17-Sep-12,1300,,
18-Sep-12,1400,,
19-Sep-12,1400,,
20-Sep-12,1350,,
21-Sep-12,1300,,
24-Sep-12,1225,,
25-Sep-12,1175,,
26-Sep-12,1100,,
27-Sep-12,1100,,
28-Sep-12,1100,,
1-Oct-12,1100,,
2-Oct-12,1125,,
3-Oct-12,1175,,
4-Oct-12,1200,,
5-Oct-12,1225,,
8-Oct-12,1225,,
9-Oct-12,1225,,
10-Oct-12,1225,,
11-Oct-12,1225,,
12-Oct-12,1225,,
15-Oct-12,1225,,
16-Oct-12,1225,,
17-Oct-12,1225,,
18-Oct-12,1225,,
19-Oct-12,1225,,
22-Oct-12,1225,,
23-Oct-12,1200,,
24-Oct-12,1150,,
25-Oct-12,1125,,
26-Oct-12,1125,,
29-Oct-12,1125,,
30-Oct-12,1125,,
31-Oct-12,1125,,
1-Nov-12,1125,,
2-Nov-12,1150,,
5-Nov-12,1150,,
6-Nov-12,1150,,
7-Nov-12,1150,,
8-Nov-12,1150,,
9-Nov-12,1150,,
12-Nov-12,1150,,
13-Nov-12,1150,,
14-Nov-12,1150,,
15-Nov-12,1150,,
16-Nov-12,1150,,
19-Nov-12,1150,,
20-Nov-12,1125,,
21-Nov-12,1100,,
22-Nov-12,1100,,
23-Nov-12,1100,,
26-Nov-12,1100,,
27-Nov-12,1125,,
28-Nov-12,1125,,
29-Nov-12,1125,,
30-Nov-12,1125,,
3-Dec-12,1125,,
4-Dec-12,1125,,
5-Dec-12,1125,,
6-Dec-12,1100,,
7-Dec-12,1100,,
10-Dec-12,1100,,
11-Dec-12,1100,,
12-Dec-12,1100,,
13-Dec-12,1100,,
14-Dec-12,1100,,
17-Dec-12,1080,,
18-Dec-12,1080,,
19-Dec-12,1080,,
20-Dec-12,1080,,
21-Dec-12,1080,,
24-Dec-12,1080,,
27-Dec-12,1080,,
28-Dec-12,1080,,
31-Dec-12,1080,,
2-Jan-13,1080,,
3-Jan-13,1080,,
4-Jan-13,1080,,
7-Jan-13,1080,,
8-Jan-13,1080,,
9-Jan-13,1080,,
10-Jan-13,1080,,
11-Jan-13,1080,,
14-Jan-13,1080,,
15-Jan-13,1080,,
16-Jan-13,1100,,
17-Jan-13,1100,,
18-Jan-13,1150,,
21-Jan-13,1150,,
22-Jan-13,1175,,
23-Jan-13,1175,,
24-Jan-13,1175,,
25-Jan-13,1175,,
28-Jan-13,1175,,
29-Jan-13,1175,,
30-Jan-13,1175,,
31-Jan-13,1175,,
1-Feb-13,1175,,
4-Feb-13,1175,,
5-Feb-13,1175,,
6-Feb-13,1175,,
7-Feb-13,1200,,
8-Feb-13,1200,,
11-Feb-13,1200,,
12-Feb-13,1200,,
13-Feb-13,1200,,
14-Feb-13,1200,,
15-Feb-13,1250,,
18-Feb-13,1265,,
19-Feb-13,1265,,
20-Feb-13,1265,,
21-Feb-13,1250,,
22-Feb-13,1250,,
25-Feb-13,1250,,
26-Feb-13,1250,,
27-Feb-13,1250,,
28-Feb-13,1250,,
1-Mar-13,1250,,
4-Mar-13,1250,,
5-Mar-13,1250,,
6-Mar-13,1250,,
7-Mar-13,1250,,
8-Mar-13,1250,,
11-Mar-13,1250,,
12-Mar-13,1250,,
13-Mar-13,1265,,
14-Mar-13,1265,,
15-Mar-13,1265,,
18-Mar-13,1265,,
19-Mar-13,1265,,
20-Mar-13,1265,,
21-Mar-13,1265,,
22-Mar-13,1250,,
25-Mar-13,1250,,
26-Mar-13,1250,,
27-Mar-13,1230,,
28-Mar-13,1230,,
2-Apr-13,1230,,
3-Apr-13,1215,,
4-Apr-13,1200,,
5-Apr-13,1200,,
8-Apr-13,1200,,
9-Apr-13,1200,,
10-Apr-13,1200,,
11-Apr-13,1200,,
12-Apr-13,1200,,
15-Apr-13,1200,,
16-Apr-13,1180,,
17-Apr-13,1180,,
18-Apr-13,1160,,
19-Apr-13,1160,,
22-Apr-13,1160,,
23-Apr-13,1160,,
24-Apr-13,1160,,
25-Apr-13,1160,,
26-Apr-13,1160,,
29-Apr-13,1160,,
30-Apr-13,1160,,
1-May-13,1160,,
2-May-13,1150,,
3-May-13,1150,,
6-May-13,1150,,
7-May-13,1150,,
8-May-13,1150,,
9-May-13,1150,,
10-May-13,1150,,
13-May-13,1150,,
14-May-13,1150,,
15-May-13,1125,,
16-May-13,1125,,
17-May-13,1125,,
20-May-13,1125,,
21-May-13,1125,,
22-May-13,1115,,
23-May-13,1115,,
24-May-13,1115,,
27-May-13,1100,,
28-May-13,1100,,
29-May-13,1100,,
30-May-13,1100,,
31-May-13,1080,,
3-Jun-13,1080,,
4-Jun-13,1080,,
5-Jun-13,1060,,
6-Jun-13,1040,,
7-Jun-13,1040,,
10-Jun-13,1040,,
11-Jun-13,1040,,
12-Jun-13,1040,,
13-Jun-13,1040,,
14-Jun-13,1040,,
17-Jun-13,1040,,
18-Jun-13,1040,,
19-Jun-13,1040,,
20-Jun-13,1040,,
21-Jun-13,1040,,
24-Jun-13,1040,,
25-Jun-13,1020,,
26-Jun-13,1020,,
27-Jun-13,1000,,
28-Jun-13,1000,,
1-Jul-13,1000,,
2-Jul-13,1000,,
3-Jul-13,1000,,
4-Jul-13,1000,,
5-Jul-13,1000,,
8-Jul-13,1000,,
9-Jul-13,1000,,
10-Jul-13,1000,,
11-Jul-13,1000,,
12-Jul-13,1000,,
15-Jul-13,1000,,
16-Jul-13,1000,,
17-Jul-13,1000,,
18-Jul-13,975,,
19-Jul-13,975,,
22-Jul-13,975,,
23-Jul-13,975,,
24-Jul-13,975,,
25-Jul-13,975,,
26-Jul-13,975,,
29-Jul-13,975,,
30-Jul-13,975,,
31-Jul-13,975,,
1-Aug-13,975,,
2-Aug-13,975,,
5-Aug-13,975,,
6-Aug-13,975,,
7-Aug-13,975,,
8-Aug-13,990,,
9-Aug-13,990,,
12-Aug-13,1010,,
13-Aug-13,1010,,
14-Aug-13,1010,,
15-Aug-13,1010,,
16-Aug-13,1010,,
19-Aug-13,1010,,
20-Aug-13,1010,,
21-Aug-13,1010,,
22-Aug-13,1010,,
23-Aug-13,1010,,
26-Aug-13,1010,,
27-Aug-13,1010,,
28-Aug-13,1010,,
29-Aug-13,1010,,
30-Aug-13,1010,,
2-Sep-13,1010,,
3-Sep-13,1010,,
4-Sep-13,1010,,
5-Sep-13,1010,,
6-Sep-13,1010,,
9-Sep-13,1010,,
10-Sep-13,1010,,
11-Sep-13,1010,,
12-Sep-13,1010,,
13-Sep-13,1000,,
16-Sep-13,1000,,
17-Sep-13,1000,,
18-Sep-13,1000,,
19-Sep-13,1000,,
20-Sep-13,990,,
23-Sep-13,990,,
24-Sep-13,990,,
25-Sep-13,990,,
26-Sep-13,990,,
27-Sep-13,990,,
30-Sep-13,990,,
1-Oct-13,990,,
2-Oct-13,990,,
3-Oct-13,990,,
4-Oct-13,990,,
7-Oct-13,990,,
8-Oct-13,990,,
9-Oct-13,990,,
10-Oct-13,990,,
11-Oct-13,990,,
14-Oct-13,990,,
15-Oct-13,990,,
16-Oct-13,990,,
17-Oct-13,990,,
18-Oct-13,990,,
21-Oct-13,990,,
22-Oct-13,990,,
23-Oct-13,990,,
24-Oct-13,990,,
25-Oct-13,980,,
28-Oct-13,980,,
29-Oct-13,980,,
30-Oct-13,980,,
31-Oct-13,980,,
1-Nov-13,980,,
4-Nov-13,980,,
5-Nov-13,980,,
6-Nov-13,980,,
7-Nov-13,980,,
8-Nov-13,980,,
11-Nov-13,980,,
12-Nov-13,980,,
13-Nov-13,980,,
14-Nov-13,970,,
15-Nov-13,970,,
18-Nov-13,970,,
19-Nov-13,970,,
20-Nov-13,950,,
21-Nov-13,935,,
22-Nov-13,935,,
25-Nov-13,935,,
26-Nov-13,935,,
27-Nov-13,920,,
28-Nov-13,920,,
29-Nov-13,920,,
2-Dec-13,920,,
3-Dec-13,910,,
4-Dec-13,900,,
5-Dec-13,890,,
6-Dec-13,890,,
9-Dec-13,890,,
10-Dec-13,890,,
11-Dec-13,890,,
12-Dec-13,910,,
13-Dec-13,925,,
16-Dec-13,925,,
17-Dec-13,925,,
18-Dec-13,925,,
19-Dec-13,925,,
20-Dec-13,925,,
23-Dec-13,925,,
24-Dec-13,925,,
27-Dec-13,925,,
30-Dec-13,950,,
31-Dec-13,975,,
2-Jan-14,1000,,
3-Jan-14,1025,,
6-Jan-14,1050,,
7-Jan-14,1050,,
8-Jan-14,1050,,
9-Jan-14,1050,,
10-Jan-14,1050,,
13-Jan-14,1050,,
14-Jan-14,1050,,
15-Jan-14,1050,,
16-Jan-14,1050,,
17-Jan-14,1050,,
20-Jan-14,1050,,
21-Jan-14,1050,,
22-Jan-14,1050,,
23-Jan-14,1050,,
24-Jan-14,1050,,
27-Jan-14,1050,,
28-Jan-14,1050,,
29-Jan-14,1050,,
30-Jan-14,1050,,
31-Jan-14,1050,,
3-Feb-14,1050,,
4-Feb-14,1050,,
5-Feb-14,1050,,
6-Feb-14,1050,,
7-Feb-14,1050,,
10-Feb-14,1050,,
11-Feb-14,1050,,
12-Feb-14,1050,,
13-Feb-14,1070,,
14-Feb-14,1070,,
17-Feb-14,1070,,
18-Feb-14,1070,,
19-Feb-14,1070,,
20-Feb-14,1085,,
21-Feb-14,1085,,
24-Feb-14,1085,,
25-Feb-14,1085,,
26-Feb-14,1085,,
27-Feb-14,1085,,
28-Feb-14,1085,,
3-Mar-14,1085,,
4-Mar-14,1085,,
5-Mar-14,1085,,
6-Mar-14,1085,,
7-Mar-14,1085,,
10-Mar-14,1085,,
11-Mar-14,1085,,
12-Mar-14,1085,,
13-Mar-14,1085,,
14-Mar-14,1085,,
17-Mar-14,1070,,
18-Mar-14,1070,,
19-Mar-14,1070,,
20-Mar-14,1070,,
21-Mar-14,1090,,
24-Mar-14,1100,,
25-Mar-14,1120,,
26-Mar-14,1120,,
27-Mar-14,1120,,
28-Mar-14,1120,,
31-Mar-14,1130,,
1-Apr-14,1130,,
2-Apr-14,1165,,
3-Apr-14,1165,,
4-Apr-14,1165,,
7-Apr-14,1165,,
8-Apr-14,1165,,
9-Apr-14,1165,,
10-Apr-14,1165,,
11-Apr-14,1165,,
14-Apr-14,1165,,
15-Apr-14,1150,,
16-Apr-14,1125,,
17-Apr-14,1125,,
22-Apr-14,1125,,
23-Apr-14,1125,,
24-Apr-14,1100,,
25-Apr-14,1100,,
28-Apr-14,1100,,
29-Apr-14,1080,,
30-Apr-14,1080,,
1-May-14,1080,,
2-May-14,1060,,
6-May-14,1050,,
7-May-14,1030,,
8-May-14,1030,,
9-May-14,1030,,
12-May-14,1030,,
13-May-14,1030,,
14-May-14,1030,,
15-May-14,1030,,
16-May-14,1030,,
19-May-14,1030,,
20-May-14,1030,,
21-May-14,1030,,
22-May-14,1070,,
23-May-14,1150,,
27-May-14,1180,,
28-May-14,1180,,
29-May-14,1180,,
30-May-14,1160,,
2-Jun-14,1140,,
3-Jun-14,1140,,
4-Jun-14,1125,,
5-Jun-14,1125,,
6-Jun-14,1125,,
9-Jun-14,1115,,
10-Jun-14,1115,,
11-Jun-14,1100,,
12-Jun-14,1100,,
13-Jun-14,1110,,
16-Jun-14,1125,,
17-Jun-14,1125,,
18-Jun-14,1125,,
19-Jun-14,1125,,
20-Jun-14,1125,,
23-Jun-14,1125,,
24-Jun-14,1125,,
25-Jun-14,1115,,
26-Jun-14,1115,,
27-Jun-14,1115,,
30-Jun-14,1115,,
1-Jul-14,1125,,
2-Jul-14,1125,,
3-Jul-14,1125,,
4-Jul-14,1125,,
7-Jul-14,1125,,
8-Jul-14,1125,,
9-Jul-14,1125,,
10-Jul-14,1140,,
11-Jul-14,1155,,
14-Jul-14,1155,,
15-Jul-14,1170,,
16-Jul-14,1170,,
17-Jul-14,1170,,
18-Jul-14,1185,,
21-Jul-14,1185,,
22-Jul-14,1200,,
23-Jul-14,1225,,
24-Jul-14,1225,,
25-Jul-14,1240,,
28-Jul-14,1250,,
29-Jul-14,1250,,
30-Jul-14,1270,,
31-Jul-14,1285,,
1-Aug-14,1285,,
4-Aug-14,1285,,
5-Aug-14,1310,,
6-Aug-14,1310,,
7-Aug-14,1325,,
8-Aug-14,1335,,
11-Aug-14,1335,,
12-Aug-14,1355,,
13-Aug-14,1425,,
14-Aug-14,1450,,
15-Aug-14,1475,,
18-Aug-14,1475,,
19-Aug-14,1475,,
20-Aug-14,1475,,
21-Aug-14,1450,,
22-Aug-14,1400,,
26-Aug-14,1375,,
27-Aug-14,1350,,
28-Aug-14,1325,,
29-Aug-14,1325,,
1-Sep-14,1325,,
2-Sep-14,1325,,
3-Sep-14,1325,,
4-Sep-14,1315,,
5-Sep-14,1315,,
8-Sep-14,1315,,
9-Sep-14,1290,,
10-Sep-14,1290,,
11-Sep-14,1275,,
12-Sep-14,1275,,
15-Sep-14,1275,,
16-Sep-14,1275,,
17-Sep-14,1285,,
18-Sep-14,1325,,
19-Sep-14,1335,,
22-Sep-14,1350,,
23-Sep-14,1350,,
24-Sep-14,1350,,
25-Sep-14,1350,,
26-Sep-14,1335,,
29-Sep-14,1325,,
30-Sep-14,1310,,
1-Oct-14,1290,,
2-Oct-14,1230,,
3-Oct-14,1215,,
6-Oct-14,1215,,
7-Oct-14,1215,,
8-Oct-14,1215,,
9-Oct-14,1215,,
10-Oct-14,1230,,
13-Oct-14,1230,,
14-Oct-14,1230,,
15-Oct-14,1230,,
16-Oct-14,1230,,
17-Oct-14,1230,,
20-Oct-14,1230,,
21-Oct-14,1230,,
22-Oct-14,1230,,
23-Oct-14,1230,,
24-Oct-14,1230,,
27-Oct-14,1230,,
28-Oct-14,1240,,
29-Oct-14,1240,,
30-Oct-14,1240,,
31-Oct-14,1240,,
3-Nov-14,1240,,
4-Nov-14,1240,,
5-Nov-14,1240,,
6-Nov-14,1230,,
7-Nov-14,1230,,
10-Nov-14,1230,,
11-Nov-14,1230,,
12-Nov-14,1230,,
13-Nov-14,1230,,
14-Nov-14,1230,,
17-Nov-14,1230,,
18-Nov-14,1230,,
19-Nov-14,1230,,
20-Nov-14,1210,,
21-Nov-14,1210,,
24-Nov-14,1210,,
25-Nov-14,1210,,
26-Nov-14,1210,,
27-Nov-14,1210,,
28-Nov-14,1210,,
1-Dec-14,1210,,
2-Dec-14,1210,,
3-Dec-14,1190,,
4-Dec-14,1190,,
5-Dec-14,1175,,
8-Dec-14,1175,,
9-Dec-14,1175,,
10-Dec-14,1175,,
11-Dec-14,1175,,
12-Dec-14,1175,,
15-Dec-14,1175,,
16-Dec-14,1175,,
17-Dec-14,1200,,
18-Dec-14,1200,,
19-Dec-14,1225,,
22-Dec-14,1225,,
23-Dec-14,1245,,
24-Dec-14,1245,,
29-Dec-14,1245,,
30-Dec-14,1245,,
31-Dec-14,1245,,
2-Jan-15,1245,,
5-Jan-15,1245,,
6-Jan-15,1245,,
7-Jan-15,1230,,
8-Jan-15,1220,,
9-Jan-15,1210,,
12-Jan-15,1200,,
13-Jan-15,1200,,
14-Jan-15,1190,,
15-Jan-15,1180,,
16-Jan-15,1180,,
19-Jan-15,1180,,
20-Jan-15,1180,,
21-Jan-15,1180,,
22-Jan-15,1180,,
23-Jan-15,1180,,
26-Jan-15,1180,,
27-Jan-15,1180,,
28-Jan-15,1180,,
29-Jan-15,1180,,
30-Jan-15,1180,,
2-Feb-15,1180,,
3-Feb-15,1180,,
4-Feb-15,1180,,
5-Feb-15,1180,,
6-Feb-15,1190,,
9-Feb-15,1190,,
10-Feb-15,1190,,
11-Feb-15,1190,,
12-Feb-15,1190,,
13-Feb-15,1190,,
16-Feb-15,1190,,
17-Feb-15,1190,,
18-Feb-15,1190,,
19-Feb-15,1180,,
20-Feb-15,1180,,
23-Feb-15,1180,,
24-Feb-15,1180,,
25-Feb-15,1180,,
26-Feb-15,1180,,
27-Feb-15,1180,,
2-Mar-15,1180,,
3-Mar-15,1180,,
4-Mar-15,1180,,
5-Mar-15,1180,,
6-Mar-15,1180,,
9-Mar-15,1180,,
10-Mar-15,1180,,
11-Mar-15,1180,,
12-Mar-15,1160,,
13-Mar-15,1160,,
16-Mar-15,1160,,
17-Mar-15,1160,,
18-Mar-15,1150,,
19-Mar-15,1150,,
20-Mar-15,1150,,
23-Mar-15,1165,,
24-Mar-15,1165,,
25-Mar-15,1165,,
26-Mar-15,1165,,
27-Mar-15,1165,,
30-Mar-15,1165,,
31-Mar-15,1165,,
1-Apr-15,1165,,
2-Apr-15,1155,,
7-Apr-15,1155,,
8-Apr-15,1155,,
9-Apr-15,1155,,
10-Apr-15,1155,,
13-Apr-15,1155,,
14-Apr-15,1155,,
15-Apr-15,1145,,
16-Apr-15,1145,,
17-Apr-15,1135,,
20-Apr-15,1135,,
21-Apr-15,1135,,
22-Apr-15,1135,,
23-Apr-15,1135,,
24-Apr-15,1135,,
27-Apr-15,1145,,
28-Apr-15,1145,,
29-Apr-15,1145,,
30-Apr-15,1145,,
1-May-15,1145,,
4-May-15,1145,,
5-May-15,1145,,
6-May-15,1135,,
7-May-15,1135,,
8-May-15,1135,,
11-May-15,1120,,
12-May-15,1110,,
13-May-15,1110,,
14-May-15,1110,,
15-May-15,1110,,
18-May-15,1100,,
19-May-15,1100,,
20-May-15,1100,,
21-May-15,1100,,
22-May-15,1080,,
26-May-15,1080,,
27-May-15,1080,,
28-May-15,1080,,
29-May-15,1070,,
1-Jun-15,1070,,
2-Jun-15,1060,,
3-Jun-15,1050,,
4-Jun-15,1040,,
5-Jun-15,1040,,
8-Jun-15,1025,,
9-Jun-15,1000,,
10-Jun-15,1000,,
11-Jun-15,1000,,
12-Jun-15,1000,,
15-Jun-15,990,,
16-Jun-15,990,,
17-Jun-15,990,,
18-Jun-15,980,,
19-Jun-15,965,,
22-Jun-15,965,,
23-Jun-15,965,,
24-Jun-15,955,,
25-Jun-15,925,,
26-Jun-15,910,,
29-Jun-15,900,,
30-Jun-15,875,,
1-Jul-15,850,,
2-Jul-15,825,,
3-Jul-15,800,,
6-Jul-15,800,,
7-Jul-15,775,,
8-Jul-15,775,,
9-Jul-15,800,,
10-Jul-15,820,,
13-Jul-15,850,,
14-Jul-15,900,,
15-Jul-15,1000,,
16-Jul-15,1000,,
17-Jul-15,1000,,
20-Jul-15,960,,
21-Jul-15,850,,
22-Jul-15,850,,
23-Jul-15,850,,
24-Jul-15,850,,
27-Jul-15,850,,
28-Jul-15,850,,
29-Jul-15,850,,
30-Jul-15,850,,
31-Jul-15,825,,
3-Aug-15,775,,
4-Aug-15,775,,
5-Aug-15,775,,
6-Aug-15,800,,
7-Aug-15,850,,
10-Aug-15,875,,
11-Aug-15,875,,
12-Aug-15,890,,
13-Aug-15,890,,
14-Aug-15,890,,
17-Aug-15,890,,
18-Aug-15,890,,
19-Aug-15,890,,
20-Aug-15,865,,
21-Aug-15,865,,
24-Aug-15,865,,
25-Aug-15,845,,
26-Aug-15,835,,
27-Aug-15,835,,
28-Aug-15,815,,
1-Sep-15,815,,
2-Sep-15,805,,
3-Sep-15,790,,
4-Sep-15,790,,
7-Sep-15,780,,
8-Sep-15,780,,
9-Sep-15,780,,
10-Sep-15,780,,
11-Sep-15,780,,
14-Sep-15,780,,
15-Sep-15,780,,
16-Sep-15,780,,
17-Sep-15,765,,
18-Sep-15,765,,
21-Sep-15,765,,
22-Sep-15,765,,
23-Sep-15,765,,
24-Sep-15,750,,
25-Sep-15,750,,
28-Sep-15,760,,
29-Sep-15,760,,
30-Sep-15,760,,
1-Oct-15,760,,
2-Oct-15,760,,
5-Oct-15,760,,
6-Oct-15,760,,
7-Oct-15,760,,
8-Oct-15,760,,
9-Oct-15,745,,
12-Oct-15,755,,
13-Oct-15,755,,
14-Oct-15,755,,
15-Oct-15,775,,
16-Oct-15,775,,
19-Oct-15,785,,
20-Oct-15,785,,
21-Oct-15,785,,
22-Oct-15,785,,
23-Oct-15,785,,
26-Oct-15,785,,
27-Oct-15,785,,
28-Oct-15,770,,
29-Oct-15,770,,
30-Oct-15,770,,
2-Nov-15,750,,
3-Nov-15,750,,
4-Nov-15,750,,
5-Nov-15,750,,
6-Nov-15,750,,
9-Nov-15,750,,
10-Nov-15,740,,
11-Nov-15,740,,
12-Nov-15,740,,
13-Nov-15,740,,
16-Nov-15,740,,
17-Nov-15,740,,
18-Nov-15,740,,
19-Nov-15,740,,
20-Nov-15,740,,
23-Nov-15,740,,
24-Nov-15,740,,
25-Nov-15,740,,
26-Nov-15,740,,
27-Nov-15,740,,
30-Nov-15,740,,
1-Dec-15,730,,
2-Dec-15,720,,
3-Dec-15,720,,
4-Dec-15,720,,
7-Dec-15,720,,
8-Dec-15,710,,
9-Dec-15,710,,
10-Dec-15,710,,
11-Dec-15,710,,
14-Dec-15,700,,
15-Dec-15,670,,
16-Dec-15,640,,
17-Dec-15,640,,
18-Dec-15,660,,
21-Dec-15,660,,
22-Dec-15,660,,
23-Dec-15,660,,
24-Dec-15,660,,
29-Dec-15,660,,
30-Dec-15,660,,
31-Dec-15,660,,
4-Jan-16,660,,
5-Jan-16,650,,
6-Jan-16,650,,
7-Jan-16,650,,
8-Jan-16,640,,
11-Jan-16,640,,
12-Jan-16,640,,
13-Jan-16,640,,
14-Jan-16,650,,
15-Jan-16,650,,
18-Jan-16,660,,
19-Jan-16,660,,
20-Jan-16,660,,
21-Jan-16,660,,
22-Jan-16,650,,
25-Jan-16,650,,
26-Jan-16,650,,
27-Jan-16,650,,
28-Jan-16,650,,
29-Jan-16,650,,
1-Feb-16,650,,
2-Feb-16,640,,
3-Feb-16,640,,
4-Feb-16,640,,
5-Feb-16,640,,
8-Feb-16,640,,
9-Feb-16,640,,
10-Feb-16,640,,
11-Feb-16,640,,
12-Feb-16,650,,
15-Feb-16,660,,
16-Feb-16,660,,
17-Feb-16,660,,
18-Feb-16,660,,
19-Feb-16,660,,
22-Feb-16,660,,
23-Feb-16,660,,
24-Feb-16,660,,
25-Feb-16,670,,
26-Feb-16,670,,
29-Feb-16,670,,
1-Mar-16,680,,
2-Mar-16,680,,
3-Mar-16,680,,
4-Mar-16,680,,
7-Mar-16,695,,
8-Mar-16,700,,
9-Mar-16,700,,
10-Mar-16,700,,
11-Mar-16,700,,
14-Mar-16,700,,
15-Mar-16,700,,
16-Mar-16,700,,
17-Mar-16,700,,
18-Mar-16,700,,
21-Mar-16,710,,
22-Mar-16,725,,
23-Mar-16,740,,
24-Mar-16,740,,
29-Mar-16,740,,
30-Mar-16,740,,
31-Mar-16,740,,
1-Apr-16,740,,
4-Apr-16,740,,
5-Apr-16,740,,
6-Apr-16,740,,
7-Apr-16,740,,
8-Apr-16,740,,
11-Apr-16,740,,
12-Apr-16,740,,
13-Apr-16,740,,
14-Apr-16,740,,
15-Apr-16,740,,
18-Apr-16,740,,
19-Apr-16,740,,
20-Apr-16,740,,
21-Apr-16,740,,
22-Apr-16,740,,
25-Apr-16,740,,
26-Apr-16,740,,
27-Apr-16,740,,
28-Apr-16,740,,
29-Apr-16,740,,
3-May-16,740,,
4-May-16,740,,
5-May-16,735,,
6-May-16,725,,
9-May-16,725,,
10-May-16,715,,
11-May-16,705,,
12-May-16,690,,
13-May-16,675,,
16-May-16,675,,
17-May-16,675,,
18-May-16,675,,
19-May-16,675,,
20-May-16,675,,
23-May-16,675,,
24-May-16,675,,
25-May-16,675,,
26-May-16,665,,
27-May-16,665,,
31-May-16,665,,
1-Jun-16,665,,
2-Jun-16,665,,
3-Jun-16,660,,
6-Jun-16,660,,
7-Jun-16,650,,
8-Jun-16,650,,
9-Jun-16,650,,
10-Jun-16,650,,
13-Jun-16,650,,
14-Jun-16,650,,
15-Jun-16,650,,
16-Jun-16,650,,
17-Jun-16,650,,
20-Jun-16,650,,
21-Jun-16,660,,
22-Jun-16,670,,
23-Jun-16,670,,
24-Jun-16,670,,
27-Jun-16,670,,
28-Jun-16,670,,
29-Jun-16,660,,
30-Jun-16,650,,
1-Jul-16,650,,
4-Jul-16,650,,
5-Jul-16,650,,
6-Jul-16,650,,
7-Jul-16,650,,
8-Jul-16,650,,
11-Jul-16,650,,
12-Jul-16,650,,
13-Jul-16,650,,
14-Jul-16,650,,
15-Jul-16,650,,
18-Jul-16,650,,
19-Jul-16,650,,
20-Jul-16,650,,
21-Jul-16,650,,
22-Jul-16,650,,
25-Jul-16,650,,
26-Jul-16,650,,
27-Jul-16,640,,
28-Jul-16,640,,
29-Jul-16,640,,
1-Aug-16,625,,
2-Aug-16,625,,
3-Aug-16,625,,
4-Aug-16,625,,
5-Aug-16,625,,
8-Aug-16,625,,
9-Aug-16,625,,
10-Aug-16,625,,
11-Aug-16,625,,
12-Aug-16,635,,
15-Aug-16,635,,
16-Aug-16,635,,
17-Aug-16,635,,
18-Aug-16,645,,
19-Aug-16,645,,
22-Aug-16,655,,
23-Aug-16,655,,
24-Aug-16,655,,
25-Aug-16,655,,
26-Aug-16,655,,
30-Aug-16,665,,
31-Aug-16,665,,
1-Sep-16,665,,
2-Sep-16,665,,
5-Sep-16,665,,
6-Sep-16,665,,
7-Sep-16,665,,
8-Sep-16,675,,
9-Sep-16,675,,
12-Sep-16,675,,
13-Sep-16,675,,
14-Sep-16,675,,
15-Sep-16,675,,
16-Sep-16,675,,
19-Sep-16,675,,
20-Sep-16,675,,
21-Sep-16,675,,
22-Sep-16,675,,
23-Sep-16,675,,
26-Sep-16,675,,
27-Sep-16,675,,
28-Sep-16,685,,
29-Sep-16,685,,
30-Sep-16,685,,
3-Oct-16,685,,
4-Oct-16,685,,
5-Oct-16,685,,
6-Oct-16,675,,
7-Oct-16,665,,
10-Oct-16,665,,
11-Oct-16,665,,
12-Oct-16,665,,
13-Oct-16,665,,
14-Oct-16,675,,
17-Oct-16,685,,
18-Oct-16,685,,
19-Oct-16,705,,
20-Oct-16,715,,
21-Oct-16,715,,
24-Oct-16,715,,
25-Oct-16,715,,
26-Oct-16,715,,
27-Oct-16,715,,
28-Oct-16,715,,
31-Oct-16,715,,
1-Nov-16,715,,
2-Nov-16,750,,
3-Nov-16,750,,
4-Nov-16,780,,
7-Nov-16,800,,
8-Nov-16,815,,
9-Nov-16,815,,
10-Nov-16,815,,
11-Nov-16,815,,
14-Nov-16,815,,
15-Nov-16,815,,
16-Nov-16,805,,
17-Nov-16,800,,
18-Nov-16,795,,
21-Nov-16,795,,
22-Nov-16,785,,
23-Nov-16,785,,
24-Nov-16,775,,
25-Nov-16,775,,
28-Nov-16,765,,
29-Nov-16,765,,
30-Nov-16,765,,
1-Dec-16,765,,
2-Dec-16,765,,
5-Dec-16,765,,
6-Dec-16,765,,
7-Dec-16,765,,
8-Dec-16,765,,
9-Dec-16,765,,
12-Dec-16,765,,
13-Dec-16,780,,
14-Dec-16,800,,
15-Dec-16,825,,
16-Dec-16,825,,
19-Dec-16,825,,
20-Dec-16,815,,
21-Dec-16,800,,
22-Dec-16,785,,
23-Dec-16,785,,
28-Dec-16,785,,
29-Dec-16,785,,
30-Dec-16,770,,
3-Jan-17,770,,
4-Jan-17,770,,
5-Jan-17,800,,
6-Jan-17,800,,
9-Jan-17,810,,
10-Jan-17,825,,
11-Jan-17,835,,
12-Jan-17,835,,
13-Jan-17,845,,
16-Jan-17,855,,
17-Jan-17,855,,
18-Jan-17,855,,
19-Jan-17,855,,
20-Jan-17,855,,
23-Jan-17,855,,
24-Jan-17,855,,
25-Jan-17,855,,
26-Jan-17,855,,
27-Jan-17,845,,
30-Jan-17,845,,
31-Jan-17,845,,
1-Feb-17,845,,
2-Feb-17,845,,
3-Feb-17,845,,
6-Feb-17,845,,
7-Feb-17,845,,
8-Feb-17,845,,
9-Feb-17,845,,
10-Feb-17,845,,
13-Feb-17,845,,
14-Feb-17,845,,
15-Feb-17,875,,
16-Feb-17,875,,
17-Feb-17,875,,
20-Feb-17,900,,
21-Feb-17,900,,
22-Feb-17,900,,
23-Feb-17,900,,
24-Feb-17,900,,
27-Feb-17,920,,
28-Feb-17,920,,
1-Mar-17,920,,
2-Mar-17,920,,
3-Mar-17,920,,
6-Mar-17,920,,
7-Mar-17,920,,
8-Mar-17,920,,
9-Mar-17,930,,
10-Mar-17,930,,
13-Mar-17,930,,
14-Mar-17,930,,
15-Mar-17,930,,
16-Mar-17,945,,
17-Mar-17,945,,
20-Mar-17,960,,
21-Mar-17,960,,
22-Mar-17,975,,
23-Mar-17,990,,
24-Mar-17,1015,,
27-Mar-17,1015,,
28-Mar-17,1015,,
29-Mar-17,1015,,
30-Mar-17,1015,,
31-Mar-17,1025,,
3-Apr-17,1025,,
4-Apr-17,1025,,
5-Apr-17,1025,,
6-Apr-17,1025,,
7-Apr-17,1025,,
10-Apr-17,1025,,
11-Apr-17,1025,,
12-Apr-17,1025,,
13-Apr-17,1025,,
18-Apr-17,1025,,
19-Apr-17,1025,,
20-Apr-17,1025,,
21-Apr-17,1025,,
24-Apr-17,1025,,
25-Apr-17,1025,,
26-Apr-17,1025,,
27-Apr-17,1015,,
28-Apr-17,1015,,
2-May-17,1015,,
3-May-17,1005,,
4-May-17,995,,
5-May-17,985,,
8-May-17,980,,
9-May-17,970,,
10-May-17,950,,
11-May-17,950,,
12-May-17,950,,
15-May-17,950,,
16-May-17,950,,
17-May-17,950,,
18-May-17,950,,
19-May-17,950,,
22-May-17,940,,
23-May-17,940,,
24-May-17,930,,
25-May-17,930,,
26-May-17,930,,
30-May-17,930,,
31-May-17,930,,
1-Jun-17,930,,
2-Jun-17,930,,
5-Jun-17,950,,
6-Jun-17,950,,
7-Jun-17,960,,
8-Jun-17,960,,
9-Jun-17,960,,
12-Jun-17,960,,
13-Jun-17,970,,
14-Jun-17,970,,
15-Jun-17,970,,
16-Jun-17,980,,
19-Jun-17,980,,
20-Jun-17,990,,
21-Jun-17,990,,
22-Jun-17,1000,,
23-Jun-17,1015,,
26-Jun-17,1015,,
27-Jun-17,1015,,
28-Jun-17,1030,,
29-Jun-17,1030,,
30-Jun-17,1040,,
3-Jul-17,1040,,
4-Jul-17,1040,,
5-Jul-17,1040,,
6-Jul-17,1040,,
7-Jul-17,1040,,
10-Jul-17,1040,,
11-Jul-17,1030,,
12-Jul-17,1030,,
13-Jul-17,1030,,
14-Jul-17,1030,,
17-Jul-17,1030,,
18-Jul-17,1030,,
19-Jul-17,1030,,
20-Jul-17,1030,,
21-Jul-17,1020,,
24-Jul-17,1020,,
25-Jul-17,1010,,
26-Jul-17,1010,,
27-Jul-17,1000,,
28-Jul-17,990,,
31-Jul-17,990,,
1-Aug-17,990,,
2-Aug-17,990,,
3-Aug-17,990,,
4-Aug-17,1000,,
7-Aug-17,1000,,
8-Aug-17,1010,,
9-Aug-17,1020,,
10-Aug-17,1020,,
11-Aug-17,1030,,
14-Aug-17,1040,,
15-Aug-17,1040,,
16-Aug-17,1040,,
17-Aug-17,1050,,
18-Aug-17,1060,,
21-Aug-17,1060,,
22-Aug-17,1070,,
23-Aug-17,1080,,
24-Aug-17,1090,,
25-Aug-17,1100,,
29-Aug-17,1110,,
30-Aug-17,1125,,
31-Aug-17,1140,,
1-Sep-17,1155,,
4-Sep-17,1155,,
5-Sep-17,1155,,
6-Sep-17,1155,,
7-Sep-17,1155,,
8-Sep-17,1155,,
11-Sep-17,1155,,
12-Sep-17,1160,,
13-Sep-17,1160,,
14-Sep-17,1160,,
15-Sep-17,1160,,
18-Sep-17,1160,,
19-Sep-17,1160,,
20-Sep-17,1160,,
21-Sep-17,1160,,
22-Sep-17,1160,,
25-Sep-17,1160,,
26-Sep-17,1160,,
27-Sep-17,1160,,
28-Sep-17,1160,,
29-Sep-17,1175,,
2-Oct-17,1185,,
3-Oct-17,1185,,
4-Oct-17,1200,,
5-Oct-17,1210,,
6-Oct-17,1220,,
9-Oct-17,1230,,
10-Oct-17,1240,,
11-Oct-17,1250,,
12-Oct-17,1270,,
13-Oct-17,1300,,
16-Oct-17,1320,,
17-Oct-17,1375,,
18-Oct-17,1440,,
19-Oct-17,1475,,
20-Oct-17,1550,,
23-Oct-17,1575,,
24-Oct-17,1605,,
25-Oct-17,1650,,
26-Oct-17,1650,,
27-Oct-17,1590,,
30-Oct-17,1525,,
31-Oct-17,1525,,
1-Nov-17,1480,,
2-Nov-17,1480,,
3-Nov-17,1425,,
6-Nov-17,1380,,
7-Nov-17,1380,,
8-Nov-17,1330,,
9-Nov-17,1300,,
10-Nov-17,1300,,
13-Nov-17,1350,,
14-Nov-17,1375,,
15-Nov-17,1450,,
16-Nov-17,1450,,
17-Nov-17,1500,,
20-Nov-17,1515,,
21-Nov-17,1515,,
22-Nov-17,1500,,
23-Nov-17,1500,,
24-Nov-17,1500,,
27-Nov-17,1500,,
28-Nov-17,1500,,
29-Nov-17,1500,,
30-Nov-17,1530,,
1-Dec-17,1530,,
4-Dec-17,1530,,
5-Dec-17,1540,,
6-Dec-17,1540,,
7-Dec-17,1540,,
8-Dec-17,1540,,
11-Dec-17,1540,,
12-Dec-17,1540,,
13-Dec-17,1540,,
14-Dec-17,1540,,
15-Dec-17,1550,,
18-Dec-17,1560,,
19-Dec-17,1580,,
20-Dec-17,1610,,
21-Dec-17,1675,,
22-Dec-17,1685,,
27-Dec-17,1715,,
28-Dec-17,1715,,
29-Dec-17,1715,,
2-Jan-18,1715,,
3-Jan-18,1715,,
4-Jan-18,1700,,
5-Jan-18,1700,,
8-Jan-18,1700,,
9-Jan-18,1700,,
10-Jan-18,1700,,
11-Jan-18,1700,,
12-Jan-18,1690,,
15-Jan-18,1690,,
16-Jan-18,1690,,
17-Jan-18,1690,,
18-Jan-18,1690,,
19-Jan-18,1690,,
22-Jan-18,1690,,
23-Jan-18,1690,,
24-Jan-18,1690,,
25-Jan-18,1690,,
26-Jan-18,1710,,
29-Jan-18,1725,,
30-Jan-18,1775,,
31-Jan-18,1800,,
1-Feb-18,1825,,
2-Feb-18,1860,,
5-Feb-18,1860,,
6-Feb-18,1860,,
7-Feb-18,1860,,
8-Feb-18,1850,,
9-Feb-18,1840,,
12-Feb-18,1840,,
13-Feb-18,1830,,
14-Feb-18,1830,,
15-Feb-18,1830,,
16-Feb-18,1840,,
19-Feb-18,1850,,
20-Feb-18,1850,,
21-Feb-18,1850,,
22-Feb-18,1850,,
23-Feb-18,1850,,
26-Feb-18,1860,,
27-Feb-18,1860,,
28-Feb-18,1870,,
1-Mar-18,1870,,
2-Mar-18,1870,,
5-Mar-18,1870,,
6-Mar-18,1870,,
7-Mar-18,1860,,
8-Mar-18,1860,,
9-Mar-18,1860,,
12-Mar-18,1860,,
13-Mar-18,1860,,
14-Mar-18,1875,,
15-Mar-18,1890,,
16-Mar-18,1920,,
19-Mar-18,1945,,
20-Mar-18,1945,,
21-Mar-18,1985,,
22-Mar-18,1995,,
23-Mar-18,1995,,
26-Mar-18,1995,,
27-Mar-18,2010,,
28-Mar-18,2040,,
29-Mar-18,2040,,
3-Apr-18,2040,,
4-Apr-18,2040,,
5-Apr-18,2040,,
6-Apr-18,2040,,
9-Apr-18,2040,,
10-Apr-18,2050,,
11-Apr-18,2050,,
12-Apr-18,2070,,
13-Apr-18,2095,,
16-Apr-18,2095,,
17-Apr-18,2095,,
18-Apr-18,2095,,
19-Apr-18,2100,,
20-Apr-18,2120,,
23-Apr-18,2120,,
24-Apr-18,2110,,
25-Apr-18,2090,,
26-Apr-18,2060,,
27-Apr-18,2060,,
30-Apr-18,2060,,
1-May-18,2045,,
2-May-18,2030,,
3-May-18,2030,,
4-May-18,2030,,
8-May-18,2030,,
9-May-18,2030,,
10-May-18,2030,,
11-May-18,2055,,
14-May-18,2090,,
15-May-18,2100,,
16-May-18,2100,,
17-May-18,2160,,
18-May-18,2175,,
21-May-18,2225,,
22-May-18,2240,,
23-May-18,2240,,
24-May-18,2240,,
25-May-18,2240,,
29-May-18,2240,,
30-May-18,2240,,
31-May-18,2240,,
1-Jun-18,2240,,
4-Jun-18,2250,,
5-Jun-18,2250,,
6-Jun-18,2250,,
7-Jun-18,2250,,
8-Jun-18,2250,,
11-Jun-18,2250,,
12-Jun-18,2250,,
13-Jun-18,2250,,
14-Jun-18,2250,,
15-Jun-18,2260,,
18-Jun-18,2260,,
19-Jun-18,2260,,
20-Jun-18,2260,,
21-Jun-18,2260,,
22-Jun-18,2260,,
25-Jun-18,2260,,
26-Jun-18,2260,,
27-Jun-18,2260,,
28-Jun-18,2260,,
29-Jun-18,2260,,
2-Jul-18,2260,,
3-Jul-18,2260,,
4-Jul-18,2260,,
5-Jul-18,2260,,
6-Jul-18,2260,,
9-Jul-18,2260,,
10-Jul-18,2260,,
11-Jul-18,2260,,
12-Jul-18,2270,,
13-Jul-18,2270,,
16-Jul-18,2270,,
17-Jul-18,2285,,
18-Jul-18,2285,,
19-Jul-18,2315,,
20-Jul-18,2330,,
23-Jul-18,2340,,
24-Jul-18,2350,,
25-Jul-18,2350,,
26-Jul-18,2350,,
27-Jul-18,2340,,
30-Jul-18,2340,,
31-Jul-18,2340,,
1-Aug-18,2325,,
2-Aug-18,2325,,
3-Aug-18,2335,,
6-Aug-18,2335,,
7-Aug-18,2335,,
8-Aug-18,2335,,
9-Aug-18,2335,,
10-Aug-18,2345,,
13-Aug-18,2345,,
14-Aug-18,2345,,
15-Aug-18,2350,,
16-Aug-18,2360,,
17-Aug-18,2360,,
20-Aug-18,2370,,
21-Aug-18,2380,,
22-Aug-18,2380,,
23-Aug-18,2380,,
24-Aug-18,2380,,
28-Aug-18,2380,,
29-Aug-18,2390,,
30-Aug-18,2390,,
31-Aug-18,2390,,
3-Sep-18,2390,,
4-Sep-18,2390,,
5-Sep-18,2390,,
6-Sep-18,2390,,
7-Sep-18,2400,,
10-Sep-18,2400,,
11-Sep-18,2400,,
12-Sep-18,2410,,
13-Sep-18,2420,,
14-Sep-18,2420,,
17-Sep-18,2420,,
18-Sep-18,2440,,
19-Sep-18,2460,,
20-Sep-18,2530,,
21-Sep-18,2555,,
24-Sep-18,2575,,
25-Sep-18,2575,,
26-Sep-18,2580,,
27-Sep-18,2580,,
28-Sep-18,2580,,
1-Oct-18,2580,,
2-Oct-18,2580,,
3-Oct-18,2580,,
4-Oct-18,2580,,
5-Oct-18,2580,,
8-Oct-18,2575,,
9-Oct-18,2570,,
10-Oct-18,2570,,
11-Oct-18,2555,,
12-Oct-18,2515,,
15-Oct-18,2515,,
16-Oct-18,2500,,
17-Oct-18,2490,,
18-Oct-18,2490,,
19-Oct-18,2490,,
22-Oct-18,2490,,
23-Oct-18,2480,,
24-Oct-18,2480,,
25-Oct-18,2470,,
26-Oct-18,2450,,
29-Oct-18,2450,,
30-Oct-18,2425,,
31-Oct-18,2425,,
1-Nov-18,2425,,
2-Nov-18,2425,,
5-Nov-18,2425,,
6-Nov-18,2425,,
7-Nov-18,2440,,
8-Nov-18,2440,,
9-Nov-18,2460,,
12-Nov-18,2485,,
13-Nov-18,2500,,
14-Nov-18,2515,,
15-Nov-18,2515,,
16-Nov-18,2515,,
19-Nov-18,2540,,
20-Nov-18,2550,,
21-Nov-18,2560,,
22-Nov-18,2570,,
23-Nov-18,2575,,
26-Nov-18,2575,,
27-Nov-18,2575,,
28-Nov-18,2585,,
29-Nov-18,2590,,
30-Nov-18,2600,,
3-Dec-18,2600,,
4-Dec-18,2600,,
5-Dec-18,2600,,
6-Dec-18,2600,,
7-Dec-18,2600,,
10-Dec-18,2600,,
11-Dec-18,2580,,
12-Dec-18,2570,,
13-Dec-18,2570,,
14-Dec-18,2545,,
17-Dec-18,2530,,
18-Dec-18,2515,,
19-Dec-18,2510,,
20-Dec-18,2500,,
21-Dec-18,2490,,
24-Dec-18,2480,,
27-Dec-18,2470,,
28-Dec-18,2460,,
31-Dec-18,2460,,
2-Jan-19,2460,,
3-Jan-19,2460,,
4-Jan-19,2460,,
7-Jan-19,2460,,
8-Jan-19,2460,,
9-Jan-19,2460,,
10-Jan-19,2460,,
11-Jan-19,2460,,
14-Jan-19,2460,,
15-Jan-19,2460,,
16-Jan-19,2460,,
17-Jan-19,2460,,
18-Jan-19,2470,,
21-Jan-19,2480,,
22-Jan-19,2485,,
23-Jan-19,2485,,
24-Jan-19,2495,,
25-Jan-19,2495,,
28-Jan-19,2495,,
29-Jan-19,2495,,
30-Jan-19,2495,,
31-Jan-19,2500,,
1-Feb-19,2510,,
4-Feb-19,2510,,
5-Feb-19,2520,,
6-Feb-19,2520,,
7-Feb-19,2520,,
8-Feb-19,2525,,
11-Feb-19,2525,,
12-Feb-19,2550,,
13-Feb-19,2565,,
14-Feb-19,2575,,
15-Feb-19,2600,,
18-Feb-19,2655,,
19-Feb-19,2665,,
20-Feb-19,2710,,
21-Feb-19,2725,,
22-Feb-19,2725,,
25-Feb-19,2725,,
26-Feb-19,2725,,
27-Feb-19,2740,,
28-Feb-19,2760,,
1-Mar-19,2825,,
4-Mar-19,2830,,
5-Mar-19,2870,,
6-Mar-19,2950,,
7-Mar-19,2975,,
8-Mar-19,3010,,
11-Mar-19,3100,,
12-Mar-19,3150,,
13-Mar-19,3160,,
14-Mar-19,3170,,
15-Mar-19,3190,,
18-Mar-19,3210,,
19-Mar-19,3230,,
20-Mar-19,3250,,
21-Mar-19,3280,,
22-Mar-19,3300,,
25-Mar-19,3345,,
26-Mar-19,3345,,
27-Mar-19,3345,,
28-Mar-19,3345,,
29-Mar-19,3250,,
1-Apr-19,3140,,
2-Apr-19,3070,,
3-Apr-19,3050,,
4-Apr-19,3050,,
5-Apr-19,3050,,
8-Apr-19,3050,,
9-Apr-19,3050,,
10-Apr-19,3030,,
11-Apr-19,3015,,
12-Apr-19,3000,,
15-Apr-19,2980,,
16-Apr-19,2950,,
17-Apr-19,2930,,
18-Apr-19,2940,,
23-Apr-19,2950,,
24-Apr-19,2950,,
25-Apr-19,2950,,
26-Apr-19,2950,,
29-Apr-19,2950,,
30-Apr-19,2950,,
1-May-19,2950,,
2-May-19,2950,,
3-May-19,2950,,
7-May-19,2950,,
8-May-19,2950,,
9-May-19,2950,,
10-May-19,2935,,
13-May-19,2935,,
14-May-19,2925,,
15-May-19,2905,,
16-May-19,2905,,
17-May-19,2890,,
20-May-19,2890,,
21-May-19,2875,,
22-May-19,2875,,
23-May-19,2875,,
24-May-19,2860,,
28-May-19,2840,,
29-May-19,2840,,
30-May-19,2840,,
31-May-19,2840,,
3-Jun-19,2840,,
4-Jun-19,2840,,
5-Jun-19,2850,,
6-Jun-19,2890,,
7-Jun-19,2910,,
10-Jun-19,2930,,
11-Jun-19,2980,,
12-Jun-19,3170,,
13-Jun-19,3350,,
14-Jun-19,3500,,
17-Jun-19,3500,,
18-Jun-19,3430,,
19-Jun-19,3390,,
20-Jun-19,3320,,
21-Jun-19,3280,,
24-Jun-19,3215,,
25-Jun-19,3185,,
26-Jun-19,3170,,
27-Jun-19,3170,,
28-Jun-19,3300,,
1-Jul-19,3350,,
2-Jul-19,3350,,
3-Jul-19,3350,,
4-Jul-19,3350,,
5-Jul-19,3350,,
8-Jul-19,3390,,
9-Jul-19,3430,,
10-Jul-19,3500,,
11-Jul-19,3565,,
12-Jul-19,3575,,
15-Jul-19,3560,,
16-Jul-19,3560,,
17-Jul-19,3560,,
18-Jul-19,3550,,
19-Jul-19,3540,,
22-Jul-19,3530,,
23-Jul-19,3515,,
24-Jul-19,3515,,
25-Jul-19,3515,,
26-Jul-19,3515,,
29-Jul-19,3515,,
30-Jul-19,3560,,
31-Jul-19,3610,,
1-Aug-19,3660,,
2-Aug-19,3660,,
5-Aug-19,3645,,
6-Aug-19,3630,,
7-Aug-19,3630,,
8-Aug-19,3690,,
9-Aug-19,3720,,
12-Aug-19,3750,,
13-Aug-19,3760,,
14-Aug-19,3810,,
15-Aug-19,3840,,
16-Aug-19,3885,,
19-Aug-19,3910,,
20-Aug-19,3930,,
21-Aug-19,3955,,
22-Aug-19,3955,,
23-Aug-19,4025,,
27-Aug-19,4140,,
28-Aug-19,4360,,
29-Aug-19,4530,,
30-Aug-19,4900,,
2-Sep-19,5050,,
3-Sep-19,5050,,
4-Sep-19,5050,,
5-Sep-19,4900,,
6-Sep-19,4625,,
9-Sep-19,4400,,
10-Sep-19,4400,,
11-Sep-19,4475,,
12-Sep-19,4800,,
13-Sep-19,5000,,
16-Sep-19,5000,,
17-Sep-19,5000,,
18-Sep-19,4900,,
19-Sep-19,4900,,
20-Sep-19,5325,,
23-Sep-19,5400,,
24-Sep-19,5400,,
25-Sep-19,5400,,
26-Sep-19,5370,,
27-Sep-19,5350,,
30-Sep-19,5300,,
1-Oct-19,5300,,
2-Oct-19,5250,,
3-Oct-19,5250,,
4-Oct-19,5200,,
7-Oct-19,5200,,
8-Oct-19,5150,,
9-Oct-19,5150,,
10-Oct-19,5150,,
11-Oct-19,5300,,
14-Oct-19,5300,,
15-Oct-19,5340,,
16-Oct-19,5450,,
17-Oct-19,5550,,
18-Oct-19,5550,,
21-Oct-19,5550,,
22-Oct-19,5550,,
23-Oct-19,5525,,
24-Oct-19,5500,,
25-Oct-19,5490,,
28-Oct-19,5450,,
29-Oct-19,5425,,
30-Oct-19,5410,,
31-Oct-19,5390,,
1-Nov-19,5375,,
4-Nov-19,5375,,
5-Nov-19,5375,,
6-Nov-19,5375,,
7-Nov-19,5400,,
8-Nov-19,5500,,
11-Nov-19,5525,,
12-Nov-19,5550,,
13-Nov-19,5550,,
14-Nov-19,5600,,
15-Nov-19,5825,,
18-Nov-19,5950,,
19-Nov-19,6000,,
20-Nov-19,6000,,
21-Nov-19,6000,,
22-Nov-19,6000,,
25-Nov-19,6000,,
26-Nov-19,6000,,
27-Nov-19,5975,,
28-Nov-19,5950,,
29-Nov-19,5900,,
2-Dec-19,5900,,
3-Dec-19,5900,,
4-Dec-19,5900,,
5-Dec-19,5925,,
6-Dec-19,5950,,
9-Dec-19,6030,,
10-Dec-19,6050,,
11-Dec-19,6050,,
12-Dec-19,6050,,
13-Dec-19,6150,,
16-Dec-19,6150,,
17-Dec-19,6150,,
18-Dec-19,6150,,
19-Dec-19,6100,,
20-Dec-19,6075,,
23-Dec-19,6075,,
24-Dec-19,6075,,
27-Dec-19,6075,,
30-Dec-19,6060,,
31-Dec-19,6050,,
2-Jan-20,6050,,
3-Jan-20,6150,,
6-Jan-20,6350,,
7-Jan-20,6925,,
8-Jan-20,7950,,
9-Jan-20,8200,,
10-Jan-20,8000,,
13-Jan-20,7975,,
14-Jan-20,7925,,
15-Jan-20,7950,,
16-Jan-20,8100,,
17-Jan-20,8750,,
20-Jan-20,9100,,
21-Jan-20,9800,,
22-Jan-20,9985,,
23-Jan-20,9985,,
24-Jan-20,9985,,
27-Jan-20,9985,,
28-Jan-20,9985,,
29-Jan-20,9985,,
30-Jan-20,10025,,
31-Jan-20,10175,,
3-Feb-20,10350,,
4-Feb-20,10525,,
5-Feb-20,10775,,
6-Feb-20,10775,,
7-Feb-20,10775,,
10-Feb-20,10775,,
11-Feb-20,10775,,
12-Feb-20,10850,,
13-Feb-20,10975,,
14-Feb-20,11075,,
17-Feb-20,11600,,
18-Feb-20,11800,,
19-Feb-20,12300,,
20-Feb-20,12700,,
21-Feb-20,12700,,
24-Feb-20,12800,,
25-Feb-20,12900,,
26-Feb-20,12950,,
27-Feb-20,12950,,
28-Feb-20,12950,,
2-Mar-20,12600,,
3-Mar-20,12300,,
4-Mar-20,12300,,
5-Mar-20,12200,,
6-Mar-20,12200,,
9-Mar-20,13300,,
10-Mar-20,13800,,
11-Mar-20,13800,,
12-Mar-20,13800,,
13-Mar-20,13200,,
16-Mar-20,12400,,
17-Mar-20,10750,,
18-Mar-20,9000,,
19-Mar-20,7000,,
20-Mar-20,6500,,
23-Mar-20,6000,,
24-Mar-20,5500,,
25-Mar-20,6700,,
26-Mar-20,8500,,
27-Mar-20,10500,,
30-Mar-20,10700,,
31-Mar-20,10700,,
1-Apr-20,10700,,
2-Apr-20,10200,,
3-Apr-20,9900,,
6-Apr-20,8900,,
7-Apr-20,8300,,
8-Apr-20,7700,,
9-Apr-20,7200,,
14-Apr-20,7200,,
15-Apr-20,8000,,
16-Apr-20,9400,,
17-Apr-20,9400,,
20-Apr-20,9400,,
21-Apr-20,9200,,
22-Apr-20,8100,,
23-Apr-20,8200,,
24-Apr-20,8200,,
27-Apr-20,8200,,
28-Apr-20,8200,,
29-Apr-20,8300,,
30-Apr-20,7900,,
1-May-20,7500,,
4-May-20,7500,,
5-May-20,7300,,
6-May-20,7000,,
7-May-20,7000,,
11-May-20,7000,,
12-May-20,7250,,
13-May-20,7250,,
14-May-20,7250,,
15-May-20,7250,,
18-May-20,7250,,
19-May-20,7400,,
20-May-20,8575,,
21-May-20,8700,,
22-May-20,8600,,
26-May-20,8600,,
27-May-20,8700,,
28-May-20,8950,,
29-May-20,9000,,
1-Jun-20,9000,,
2-Jun-20,8900,,
3-Jun-20,8600,,
4-Jun-20,8500,,
5-Jun-20,8500,,
8-Jun-20,8500,,
9-Jun-20,8750,,
10-Jun-20,8750,,
11-Jun-20,8850,,
12-Jun-20,8850,,
15-Jun-20,8850,,
16-Jun-20,8850,,
17-Jun-20,8650,,
18-Jun-20,8500,,
19-Jun-20,8200,,
22-Jun-20,8200,,
23-Jun-20,8000,,
24-Jun-20,8000,,
25-Jun-20,8000,,
26-Jun-20,8000,,
29-Jun-20,8000,,
30-Jun-20,8000,,
1-Jul-20,8000,,
2-Jul-20,8000,,
3-Jul-20,8000,,
6-Jul-20,8150,,
7-Jul-20,8450,,
8-Jul-20,8600,,
9-Jul-20,8750,,
10-Jul-20,8750,,
13-Jul-20,8750,,
14-Jul-20,8400,,
15-Jul-20,8450,,
16-Jul-20,8525,,
17-Jul-20,8700,,
20-Jul-20,8800,,
21-Jul-20,8900,,
22-Jul-20,8900,,
23-Jul-20,8850,,
24-Jul-20,8725,,
27-Jul-20,8675,,
28-Jul-20,8750,,
29-Jul-20,8850,,
30-Jul-20,8925,,
31-Jul-20,8900,,
3-Aug-20,8900,,
4-Aug-20,8900,,
5-Aug-20,8950,,
6-Aug-20,9200,,
7-Aug-20,9750,,
10-Aug-20,10200,,
11-Aug-20,10975,,
12-Aug-20,10975,,
13-Aug-20,10975,,
14-Aug-20,11200,,
17-Aug-20,11450,,
18-Aug-20,12000,,
19-Aug-20,12200,,
20-Aug-20,12500,,
21-Aug-20,12500,,
24-Aug-20,12500,,
25-Aug-20,12400,,
26-Aug-20,12300,,
27-Aug-20,12200,,
28-Aug-20,12200,,
1-Sep-20,12200,,
2-Sep-20,12400,,
3-Sep-20,13000,,
4-Sep-20,13300,,
7-Sep-20,13300,,
8-Sep-20,13300,,
9-Sep-20,13300,,
10-Sep-20,13300,,
11-Sep-20,13300,,
14-Sep-20,13700,,
15-Sep-20,14400,,
16-Sep-20,14500,,
17-Sep-20,14500,,
18-Sep-20,14300,,
21-Sep-20,14200,,
22-Sep-20,14200,,
23-Sep-20,14000,,
24-Sep-20,13900,,
25-Sep-20,13750,,
28-Sep-20,13700,,
29-Sep-20,13700,,
30-Sep-20,13900,,
1-Oct-20,14000,,
2-Oct-20,14000,,
5-Oct-20,14000,,
6-Oct-20,13800,,
7-Oct-20,13600,,
8-Oct-20,13400,,
9-Oct-20,13100,,
12-Oct-20,13500,,
13-Oct-20,13900,,
14-Oct-20,13900,,
15-Oct-20,13900,,
16-Oct-20,13850,,
19-Oct-20,13800,,
20-Oct-20,14000,,
21-Oct-20,14650,,
22-Oct-20,14700,,
23-Oct-20,14650,,
26-Oct-20,14550,,
27-Oct-20,14400,,
28-Oct-20,14400,,
29-Oct-20,13900,,
30-Oct-20,13500,,
2-Nov-20,13400,,
3-Nov-20,13700,,
4-Nov-20,14000,,
5-Nov-20,14000,,
6-Nov-20,14600,,
9-Nov-20,14700,,
10-Nov-20,15000,,
11-Nov-20,15000,,
12-Nov-20,14900,,
13-Nov-20,14700,,
16-Nov-20,14700,,
17-Nov-20,14800,,
18-Nov-20,15100,,
19-Nov-20,15450,,
20-Nov-20,15900,,
23-Nov-20,16100,,
24-Nov-20,16100,,
25-Nov-20,16100,,
26-Nov-20,16100,,
27-Nov-20,16100,,
30-Nov-20,16100,,
1-Dec-20,16100,,
2-Dec-20,16100,,
3-Dec-20,16100,,
4-Dec-20,16200,,
7-Dec-20,16200,,
8-Dec-20,16200,,
9-Dec-20,16250,,
10-Dec-20,16250,,
11-Dec-20,16300,,
14-Dec-20,16350,,
15-Dec-20,16400,,
16-Dec-20,16400,,
17-Dec-20,16500,,
18-Dec-20,16550,,
21-Dec-20,16650,,
22-Dec-20,16650,,
23-Dec-20,16650,,
24-Dec-20,16650,,
29-Dec-20,16650,,
30-Dec-20,16800,,
31-Dec-20,17000,,
4-Jan-21,17300,,
5-Jan-21,17800,,
6-Jan-21,18500,,
7-Jan-21,18700,,
8-Jan-21,18850,,
11-Jan-21,18950,,
12-Jan-21,19200,,
13-Jan-21,20200,,
14-Jan-21,20600,,
15-Jan-21,21200,,
18-Jan-21,21600,,
19-Jan-21,21800,,
20-Jan-21,21900,,
21-Jan-21,21500,,
22-Jan-21,20500,,
25-Jan-21,20000,,
26-Jan-21,19500,,
27-Jan-21,19000,,
28-Jan-21,19000,,
29-Jan-21,19300,,
1-Feb-21,20000,,
2-Feb-21,20300,,
3-Feb-21,20800,,
4-Feb-21,21500,,
5-Feb-21,21800,,
8-Feb-21,21800,,
9-Feb-21,21800,,
10-Feb-21,21500,,
11-Feb-21,21400,,
12-Feb-21,21800,,
15-Feb-21,21900,,
16-Feb-21,22300,,
17-Feb-21,22600,,
18-Feb-21,22900,,
19-Feb-21,23400,,
22-Feb-21,23800,,
23-Feb-21,23900,,
24-Feb-21,24500,,
25-Feb-21,25450,,
26-Feb-21,26600,,
1-Mar-21,27400,,
2-Mar-21,27900,,
3-Mar-21,28450,,
4-Mar-21,29200,,
5-Mar-21,29200,,
8-Mar-21,29000,,
9-Mar-21,28500,,
10-Mar-21,27500,,
11-Mar-21,25700,,
12-Mar-21,24900,,
15-Mar-21,24500,,
16-Mar-21,24600,,
17-Mar-21,25500,,
18-Mar-21,27600,,
19-Mar-21,29200,,
22-Mar-21,29600,,
23-Mar-21,29800,,
24-Mar-21,28900,,
25-Mar-21,28000,,
26-Mar-21,27500,,
29-Mar-21,26500,,
30-Mar-21,26250,,
31-Mar-21,26200,,
1-Apr-21,26700,,
6-Apr-21,28500,,
7-Apr-21,29000,,
8-Apr-21,29100,,
9-Apr-21,28900,,
12-Apr-21,28400,,
13-Apr-21,28100,,
14-Apr-21,28100,,
15-Apr-21,28600,,
16-Apr-21,29000,,
19-Apr-21,29500,,
20-Apr-21,29500,,
21-Apr-21,29200,,
22-Apr-21,28800,,
23-Apr-21,28800,,
26-Apr-21,28800,,
27-Apr-21,28600,,
28-Apr-21,29000,,
29-Apr-21,29400,,
30-Apr-21,29500,,
4-May-21,29500,,
5-May-21,29300,,
6-May-21,29300,,
7-May-21,28700,,
10-May-21,28100,,
11-May-21,27700,,
12-May-21,28000,,
13-May-21,28400,,
14-May-21,28400,,
17-May-21,28400,,
18-May-21,28200,,
19-May-21,28200,,
20-May-21,28000,,
21-May-21,27600,,
24-May-21,26750,,
25-May-21,24000,,
26-May-21,22000,,
27-May-21,22750,,
28-May-21,25300,,
1-Jun-21,25500,,
2-Jun-21,25100,,
3-Jun-21,24100,,
4-Jun-21,23000,,
7-Jun-21,22500,,
8-Jun-21,22000,,
9-Jun-21,21400,,
10-Jun-21,21500,,
11-Jun-21,22300,,
14-Jun-21,22500,,
15-Jun-21,22800,,
16-Jun-21,23000,,
17-Jun-21,22500,,
18-Jun-21,21750,,
21-Jun-21,20900,,
22-Jun-21,20000,,
23-Jun-21,19500,,
24-Jun-21,19250,,
25-Jun-21,19250,,
28-Jun-21,19500,,
29-Jun-21,20100,,
30-Jun-21,20100,,
1-Jul-21,19900,,
2-Jul-21,19000,,
5-Jul-21,19000,,
6-Jul-21,18900,,
7-Jul-21,18700,,
8-Jul-21,18000,,
9-Jul-21,17500,,
12-Jul-21,17900,,
13-Jul-21,19300,,
14-Jul-21,19700,,
15-Jul-21,19700,,
16-Jul-21,19700,,
19-Jul-21,19100,,
20-Jul-21,18700,,
21-Jul-21,18700,,
22-Jul-21,18700,,
23-Jul-21,18400,,
26-Jul-21,18400,,
27-Jul-21,18400,,
28-Jul-21,18400,,
29-Jul-21,18400,,
30-Jul-21,18400,,
2-Aug-21,18500,,
3-Aug-21,18900,,
4-Aug-21,19000,,
5-Aug-21,19000,,
6-Aug-21,19000,,
9-Aug-21,19000,,
10-Aug-21,19000,,
11-Aug-21,19000,,
12-Aug-21,19000,,
13-Aug-21,19000,,
16-Aug-21,19000,,
17-Aug-21,19000,,
18-Aug-21,19000,,
19-Aug-21,19000,,
20-Aug-21,18300,,
23-Aug-21,17500,,
24-Aug-21,17000,,
25-Aug-21,17100,,
26-Aug-21,17300,,
27-Aug-21,17400,,
31-Aug-21,17600,,
1-Sep-21,17600,,
2-Sep-21,17200,,
3-Sep-21,17000,,
6-Sep-21,17000,,
7-Sep-21,17000,,
8-Sep-21,16850,,
9-Sep-21,16250,,
10-Sep-21,15700,,
13-Sep-21,15250,,
14-Sep-21,13600,,
15-Sep-21,11500,,
16-Sep-21,11250,,
17-Sep-21,12350,,
20-Sep-21,12600,,
21-Sep-21,13150,,
22-Sep-21,13400,,
23-Sep-21,13700,,
24-Sep-21,14400,,
27-Sep-21,14500,,
28-Sep-21,14500,,
29-Sep-21,14300,,
30-Sep-21,13700,,
1-Oct-21,13400,,
4-Oct-21,13400,,
5-Oct-21,13400,,
6-Oct-21,13700,,
7-Oct-21,14300,,
8-Oct-21,14300,,
11-Oct-21,13800,,
12-Oct-21,13800,,
13-Oct-21,13800,,
14-Oct-21,13800,,
15-Oct-21,14100,,
18-Oct-21,14200,,
19-Oct-21,14000,,
20-Oct-21,14000,,
21-Oct-21,14000,,
22-Oct-21,14000,,
25-Oct-21,14000,,
26-Oct-21,14100,,
27-Oct-21,14100,,
28-Oct-21,14100,,
29-Oct-21,14100,,
1-Nov-21,14100,,
2-Nov-21,14100,,
3-Nov-21,14100,,
4-Nov-21,14100,,
5-Nov-21,14100,,
8-Nov-21,14350,,
9-Nov-21,14350,,
10-Nov-21,14350,,
11-Nov-21,14350,,
12-Nov-21,14350,,
15-Nov-21,14350,,
16-Nov-21,14350,,
17-Nov-21,14350,,
18-Nov-21,14350,,
19-Nov-21,14350,,
22-Nov-21,14350,,
23-Nov-21,14200,,
24-Nov-21,13850,,
25-Nov-21,13750,,
26-Nov-21,13700,,
